Area ID,Area Name,Battle Type,Echelon,Preset
1014,Ele.4,Day,1,MXwyMDA1NS05LTQtMzItOTk7MjAxMTQtOC0zMDUtNzItMjEzOzE4My03LTIyNC0yMC0zNTc7MjAxMjItMTQtNC0zMi0xOTA7MjAyOTMtMTMtNC0zMi0yNzV8MA==
1014,Ele.4,Day,2,MXwyMDIwNS05LTI3NC0zMi0yMzQ7MjAwNjUtOC0xMDYtMzU2LTE1OTsyMDAwOC03LTE4MC0yMzgtMzUxOzIwMDk3LTE0LTE3OS03Mi01ODsyMDA1Ny0xMy0xMDAtMzM4LTYwfDA=
1014,Ele.4,Day,3,MXwyMDIyOC05LTQwLTMzNS0xNjg7MjAwNTYtOC00LTEyNi0zMjsyMDAxMC03LTE1NS03Mi0zNTU7MjAwMDctMTQtMjI0LTcyLTE3MTsyMDIxNi0xMy0yNzMtMzItMjM0fDA=
1014,Ele.4,Day,4,MXwyMDIxMi05LTIyNC03Mi0zMzQ7MjAxMTUtOC0xOTctMjg2LTY2OzIwMDAxLTctMTIyLTcyLTQwOzIwMjIwLTE0LTIyNC03Mi00MDsxMzUtMTMtMjM0LTcyLTI0OXww
1014,Ele.4,Day,5,MXwyMTMtOS0yMzQtMjAtMTI7MjAxMDEtOC05Mi0zNTktMTU2OzIwMDI2LTctNjItMzQ4LTE1NzsyMDEwMy0xNC05Mi0zNTgtMTI1OzIwMDYwLTEzLTgtMTM1LTIzNHww
1014,Ele.4,Day,6,MXwyNDItOS0yNzgtNzItNTg7NTQtOC0zMi00NC05MTsyMDEwNC03LTI2MC03Mi0xMjsyMDE0My0xNC0xOTItNzItMTI7MTE4LTEzLTQtMzItMjQ4fDA=
1014,Ele.4,Day,7,MXwyMDA2NC05LTgtMzItMjM0OzIwMTcxLTgtMTItMzItMjM0OzIwMDMyLTctMjM0LTcyLTEzNDs2Mi0xNC00LTMyLTEyNzsxNDItMTMtMzMyLTcyLTU4fDA=
1014,Ele.4,Day,8,MXwyMzMtOS0yNjYtNzItNDA7MTEtOC0yOTEtNzItNTg7OTYtNy0yMjQtNzItMjM3OzE2Ni0xNC0yNzAtNzItNTg7NC0xMy0yMjQtMjcxLTU4fDA=
1014,Ele.4,Day,9,MXwyMDYtOS04LTMyLTIzNDsxMDE3LTgtMzA1LTcyLTQwOzI1MC03LTIyNC03Mi01ODszNzgtMTQtMTItMzE3LTIzNDsxNC0xMy0yMjQtMTk1LTQwfDA=
1014,Ele.4,Day,10,MXwxMDE4LTktMzA1LTcyLTE0NzszMzAtOC0xMi0zMi0yMzQ7MjAwMDUtNy0zMDUtNzItNDA7NzMtMTQtMjk1LTMyLTIzNDszMDMtMTMtMzA1LTcyLTQwfDA=
1014,Ele.4,Day,11,MXwyMDA5MS05LTIyNC03Mi01ODsyMDAwMi04LTIyNC03Mi01ODsyMDA3MS03LTEyLTMyLTIzNDsyNy0xNC0yMzQtMTgxLTEyOzI5NC0xMy02Ni03Mi00MHww
1014,Ele.4,Day,12,MXwxMDYtOS0xMi0zMi0yMzQ7MzA2LTgtMTItMzItMjM0OzIwMDYzLTctMTItMzItMjM0OzExOS0xNC04LTMyLTIzNDsxMDMyLTEzLTEyLTExMC0yNTV8MA==
1014,Ele.4,Day,13,MXw5OS05LTIyNC03Mi01ODsxMDI3LTgtNC0xMTAtMTg0OzI3Mi03LTIyNC03Mi01ODsyMDEzNi0xNC0yMzQtNzItMTI7Mjg1LTEzLTIyNC03Mi01OHww
1014,Ele.4,Day,14,MXwzNTctOS0yMjQtNzItNTg7NzItOC00LTExMC0xNjU7MTAwOS03LTIyNC03Mi01ODsyMDA5NC0xNC0yMTgtMzQzLTEwMzsxMjctMTMtNDAtMTgyLTEyfDA=
1014,Ele.4,Day,15,MXwzNzAtOS0yMjQtNzItNTg7MjAwNTAtOC0yOTgtMTYwLTkwOzIxNS03LTE3NS0xMTAtNDA7MTI2LTE0LTE5OC03Mi01ODsxMDE5LTEzLTQwLTE0Ni0xMnww
1014,Ele.4,Day,16,MXwyNDgtOS0yNDYtNzItNDA7MjQ1LTgtNDAtNzItMjc3OzI0My03LTI4Mi0xMTAtNDA7MzMxLTE0LTY2LTcyLTQwOzIwMDQ2LTEzLTIwLTEwNS0yOTd8MA==
1014,Ele.4,Day,17,MXwzNzktOS02Ni03Mi01ODsyMDAzOS04LTMzNy0xMTEtODY7MzU4LTctNjYtNzItNTg7MjAtMTQtNDAtNzItMTI7MTAyOC0xMy00MC03Mi0xMnww
1014,Ele.4,Day,18,MXwzNTQtOS02Ni03Mi00MDsxNjgtOC02Ni03Mi01ODsxNi03LTIzNi03Mi0xMjsyMDEyNS0xNC0yMzktMTMyLTY4OzIxNC0xMy00LTMxOS0zMDl8MA==
1014,Ele.4,Day,19,MXwxMDI5LTktNC0yMDMtMTIxOzMtOC0xNjQtNzItNTg7MjAwODgtNy0yMjktMjg1LTEwNzsxMDUtMTQtNC0xNzMtMzA5OzM1Ni0xMy00LTAtMzA5fDA=
1014,Ele.4,Day,20,MXwzNjEtOS00LTAtMzA5OzE5NC04LTMwNC0wLTMwOTsyMDIwMC03LTI0MS00LTkwOzIwMDUzLTE0LTE3MC00LTkwOzMzOC0xMy00LTAtMzA5fDA=
1014,Ele.4,Day,21,MXw2LTktNjYtNzItMDsxNzItOC0xNjktMC0zMDk7MTMtNy02Ni03Mi0wOzMxOC0xNC00LTAtMzA5OzIzNC0xMy0zMDktNzItMTJ8MA==
1014,Ele.4,Day,22,MXwzMTEtOS0zMDktNzItMTI7MjAyNTItOC0xNzgtNC05MDsyOTAtNy00LTAtMzA5OzIwMjgyLTE0LTMzNi03Ni0xMjszMTUtMTMtMzA5LTcyLTEyfDA=
1014,Ele.4,Day,23,MXwzNjMtOS0zMDktNzItMTI7MTI5LTgtMTYxLTAtMzA5OzIwMjMwLTctMjAtMjg3LTkwOzIwMDc1LTE0LTM0MC0xMTItNjE7MTItMTMtNjYtNzItMHww
1014,Ele.4,Day,24,MXwyMDAzNy05LTIwLTEyOS05MDsyMzYtOC00LTAtMzA5OzM0MC03LTQtMC0zMDk7MTgxLTE0LTQtMC0zMDk7MjAwOTUtMTMtMjIxLTE1OC05MHww
1014,Ele.4,Day,25,MXwyODctOS00LTAtMzA5OzIwMDgxLTgtMjI5LTEzMS02ODsyODgtNy00LTAtMzA5OzIwMjAxLTE0LTI2Mi00LTkwOzM3Ny0xMy0zMTgtNC05MHww
1014,Ele.4,Day,26,MXwzMzYtOS0zMDktNzItMTI7MjY2LTgtMjAtNC05MDszMDQtNy0zMDktNzItMTI7NDgtMTQtMjAtMjE3LTkwOzEwMjQtMTMtMjAtNC0xODN8MA==
1014,Ele.4,Day,27,MXwzMTYtOS0yMC00LTkwOzIwMDQ0LTgtMjAtNC0xMTU7MjAwNTEtNy0yMC0xMDQtOTA7MzQ5LTE0LTQtMC0zMDk7Mjg2LTEzLTMwOS03Mi0xMjB8MA==
1014,Ele.4,Day,28,MXwyMDA0OS05LTIxMi00LTkwOzM4Mi04LTQtMC0zMDk7MTczLTctMjI5LTMxNi02ODsyMjItMTQtMjAtMjQ3LTkwOzE5OC0xMy0yMC00LTkwfDA=
1014,Ele.4,Day,29,MXwzNi05LTU5LTQtOTA7Mjk2LTgtMzM5LTQtOTA7MTI4LTctMjAtNC05MDsxMDMxLTE0LTIwLTQtMjU0OzI1Ny0xMy0yMC00LTkwfDA=
1014,Ele.4,Day,30,MXwxMzctOS0wLTcyLTg7Mzc0LTgtMjI5LTEwOS02ODsyMDE1OS03LTI0MC03Ni04OzIwMTk5LTE0LTIyOS0xMDktNjg7MTUwLTEzLTAtNzItOHww
1014,Ele.4,Day,31,MXwxOC05LTAtNzItMTYzOzMxNy04LTIwLTEwOS0yNTk7MjAxNTQtNy00NC03Ni0xNzc7MjItMTQtMC03Mi04OzE4OC0xMy00NC03Ni04fDA=
1014,Ele.4,Day,32,MXwzMjMtOS00NC03Ni04OzMwNy04LTMyMS04LTY4OzEwMjAtNy0yMC02Ni0xNDg7MjYwLTE0LTY2LTcyLTA7MTAwMi0xMy00NC03Ni04fDA=
1014,Ele.4,Day,33,MXwxNjItOS00NC03Ni04OzE5Ny04LTIwLTY2LTA7MzQtNy0yMC0yNzktMzExOzM4Ny0xNC00NC03Ni04OzM0OC0xMy0yMC02Ni0wfDA=
1014,Ele.4,Day,34,MXwzNTEtOS00NC03Ni04OzI2OS04LTY2LTk1LTA7MzUyLTctNDQtNzYtODszNjYtMTQtNDQtNzYtODs0My0xMy0yNDItNjYtMHww
1014,Ele.4,Day,35,MXwxNDgtOS0yMC02Ni0wOzM0Ni04LTY2LTk1LTA7MjQ3LTctMjAtNjYtMDsyNzAtMTQtMjExLTY2LTA7MzgxLTEzLTIwLTY2LTB8MA==
1014,Ele.4,Day,36,MXwyMTEtOS0yMC02Ni0wOzIzNS04LTIwLTY2LTMxMTsxNTctNy00NC0yMzEtODszMDUtMTQtMjAtNjYtMDszMDktMTMtNjYtOTUtMHww
1014,Ele.4,Day,37,MXwxNTMtOS00NC0yMzEtMjY1OzI5NS04LTM2Ny05NS0wOzEwMjUtNy00NC0xODYtODszMDItMTQtNDQtMjE2LTg7MzI4LTEzLTAtMjI1LTB8MA==
1014,Ele.4,Day,38,MXwxNzUtOS04LTAtMDszMzctOC0yMC04LTA7MTg0LTctMjAtOC0wOzQyLTE0LTIwLTAtMzExOzEwMzMtMTMtMjAtMjUyLTY4fDA=
1014,Ele.4,Day,39,MXwxMzAtOS0xNjEtMC0wOzgwLTgtMjAtMjIwLTY4OzE5Ni03LTgtMC0wOzg2LTE0LTIwLTI5MC02ODsyNjEtMTMtMjAtMzAwLTB8MA==
1014,Ele.4,Day,40,MXwxNzctOS0wLTIyNS0wOzM2NC04LTAtMjI1LTA7MjktNy0wLTIyNS0wOzI1My0xNC0yMC0wLTY4OzM0NS0xMy01MC0wLTY4fDA=
1014,Ele.4,Day,41,MXw3MC05LTE2LTAtMDsyOTItOC0yMjctMC02ODsyNzYtNy0yMjctMC02ODsxMTItMTQtMjI3LTAtNjg7MzM5LTEzLTIyNy0wLTY4fDA=
1014,Ele.4,Day,42,MXwyMzgtOS0yMjctMC02ODsxMDktOC0yMjctMC02ODsyNzUtNy0yMjctMC02ODszMjktMTQtMjI3LTAtMDs3Ny0xMy0yMjctMC0zMTR8MA==
1014,Ele.4,Day,43,MXwxNjUtOS00NC04MC0wOzE0Ni04LTIyNy0wLTA7MjA0LTctMjI3LTAtMDsxNTUtMTQtNDQtODAtMDs5OC0xMy0wLTAtMHww
1014,Ele.4,Day,44,MXwxNS05LTAtMC0wOzEwMC04LTAtMC0wOzY5LTctMC0wLTA7OS0xNC0wLTAtMDsxMjMtMTMtMC0wLTB8MA==
1014,Ele.4,Day,45,MXw5MC05LTAtMC0wOzM0MS04LTAtMC0wOzI3NC03LTAtMC0wOzEwMzktMTQtMC0wLTA7MjUxLTEzLTAtMC0wfDA=
1014,Ele.4,Day,46,MXwzMzMtOS0wLTAtMDsxNzYtOC0wLTAtMDszNDctNy0wLTAtMDs5Mi0xNC0wLTAtMDsxNzgtMTMtMC0wLTB8MA==
1014,Ele.4,Day,47,MXw3OC05LTIyNy0wLTA7ODktOC0yMjctMC0wOzY2LTctMC0wLTA7MzM1LTE0LTAtMC0wOzE3LTEzLTAtMC0wfDA=
1014,Ele.4,Day,48,MXw5My05LTAtMC0wOzE2Ny04LTAtMC0wOzE5Mi03LTAtMC0wOzI4LTE0LTAtMC0wOzEwMTAtMTMtMC0wLTB8MA==
1014,Ele.4,Day,49,MXwxNjEtOS0wLTAtMDsyMjEtOC0wLTAtMDsxNjMtNy0wLTAtMDszMzItMTQtMC0wLTA7MTc5LTEzLTAtMC0wfDA=
1014,Ele.4,Day,50,MXwxODktOS0wLTAtMDsxNDEtOC0wLTAtMDsxODAtNy0wLTAtMDszMjAtMTQtMC0wLTA7MzQyLTEzLTAtMC0wfDA=
1014,Ele.4,Day,51,MXwzMjUtOS0wLTAtMDszNzItOC0wLTAtMDsyMDMtNy0wLTAtMDsxMDM4LTE0LTAtMC0wOzM4NS0xMy0wLTAtMHww
1014,Ele.4,Day,52,MXwxMDctOS0wLTAtMDsyMS04LTAtMC0wOzEzMS03LTAtMC0wOzM2NS0xNC0wLTAtMDsyNS0xMy0wLTAtMHww
1014,Ele.4,Day,53,MXwyMDctOS0wLTAtMDsyODAtOC0wLTAtMDsxMjAtNy0wLTAtMDsxMzMtMTQtMC0wLTA7ODUtMTMtMC0wLTB8MA==
1014,Ele.4,Day,54,MXwxMTAtOS0wLTAtMDsxNTgtOC0wLTAtMDsxMDM0LTctMC0wLTA7MzM0LTE0LTAtMC0wOzIyNi0xMy0wLTAtMHww
1014,Ele.4,Day,55,MXwyMjktOS0wLTAtMDsyNzMtOC0wLTAtMDszNTAtNy0wLTAtMDszMTItMTQtMC0wLTA7MTAwMS0xMy0wLTAtMHww
1014,Ele.4,Day,56,MXwyNDQtOS0wLTAtMDszMjQtOC0wLTAtMDszODgtNy0wLTAtMDsxNTItMTQtMC0wLTA7MjAyLTEzLTAtMC0wfDA=
1014,Ele.4,Day,57,MXwyNzgtOS0wLTAtMDszMTAtOC0wLTAtMDsxMTMtNy0wLTAtMDsyMTAtMTQtMC0wLTA7MTY0LTEzLTAtMC0wfDA=
1014,Ele.4,Day,58,MXwxMDM1LTktMC0wLTA7NDctOC0wLTAtMDsxNTYtNy0wLTAtMDsxMzktMTQtMC0wLTA7MjgzLTEzLTAtMC0wfDA=
1014,Ele.4,Day,59,MXwxNDAtOS0wLTAtMDszNjktOC0wLTAtMDszNjctNy0wLTAtMDsxODYtMTQtMC0wLTA7MTQ1LTEzLTAtMC0wfDA=
1014,Ele.4,Day,60,MXwzNzUtOS0wLTAtMDszODMtOC0wLTAtMDsxMDQyLTctMC0wLTA7MzIyLTE0LTAtMC0wOzIzMi0xMy0wLTAtMHww
1014,Ele.4,Day,61,MXwyNzctOS0wLTAtMDszNzYtOC0wLTAtMDsxMzItNy0wLTAtMDsxMDIzLTE0LTAtMC0wOzMxMy0xMy0wLTAtMHww
1014,Ele.4,Day,62,MXwzODQtOS0wLTAtMDs1OS04LTAtMC0wOzIyNy03LTAtMC0wOzE5MS0xNC0wLTAtMDsxOTMtMTMtMC0wLTB8MA==
1014,Ele.4,Day,63,MXwxMDItOS0wLTAtMDsyNjctOC0wLTAtMDsyOTEtNy0wLTAtMDszMDEtMTQtMC0wLTA7Mjg5LTEzLTAtMC0wfDA=
1014,Ele.4,Day,64,MXwzMjctOS0wLTAtMDszNDQtOC0wLTAtMDszNDMtNy0wLTAtMDszNTktMTQtMC0wLTA7MzMtMTMtMC0wLTB8MA==
1014,Ele.4,Day,65,MXwxNDQtOS0wLTAtMDsyNTgtOC0wLTAtMDsyNjUtNy0wLTAtMDsyMjQtMTQtMC0wLTA7Mjk4LTEzLTAtMC0wfDA=
1014,Ele.4,Day,66,MXwxMDMwLTktMC0wLTA7MzkwLTgtMC0wLTA7NzQtNy0wLTAtMDszMS0xNC0wLTAtMDsyNC0xMy0wLTAtMHww
1014,Ele.4,Day,67,MXwyMDktOS0wLTAtMDsyMzktOC0wLTAtMDsyMTgtNy0wLTAtMDsyNTktMTQtMC0wLTA7MTAzNi0xMy0wLTAtMHww
1014,Ele.4,Day,68,MXwxMDgtOS0wLTAtMDsxOS04LTAtMC0wOzIyNS03LTAtMC0wOzIyMy0xNC0wLTAtMDsyNzktMTMtMC0wLTB8MA==
1014,Ele.4,Day,69,MXwyNjMtOS0wLTAtMDsxNjktOC0wLTAtMDszNTUtNy0wLTAtMDszNzMtMTQtMC0wLTA7MzgwLTEzLTAtMC0wfDA=
1014,Ele.4,Day,70,MXwxMDQzLTktMC0wLTA7MTM0LTgtMC0wLTA7MTM4LTctMC0wLTA7MjY0LTE0LTAtMC0wOzM2Mi0xMy0wLTAtMHww
1014,Ele.4,Day,71,MXwyMy05LTAtMC0wOzE3MC04LTAtMC0wOzExMS03LTAtMC0wOzY4LTE0LTAtMC0wOzEwMjItMTMtMC0wLTB8MA==
1014,Ele.4,Day,72,MXwxNTEtOS0wLTAtMDsyMzEtOC0wLTAtMDsyOTktNy0wLTAtMDsxNjAtMTQtMC0wLTA7MzYwLTEzLTAtMC0wfDA=
1014,Ele.4,Day,73,MXw1Mi05LTAtMC0wOzEyNC04LTAtMC0wOzM1LTctMC0wLTA7MTE3LTE0LTAtMC0wOzE4Mi0xMy0wLTAtMHww
1014,Ele.4,Day,74,MXwyNTYtOS0wLTAtMDsyNTUtOC0wLTAtMDsyNjgtNy0wLTAtMDsyODQtMTQtMC0wLTA7MzIxLTEzLTAtMC0wfDA=
1014,Ele.4,Day,75,MXwzMDgtOS0wLTAtMDsyODEtOC0wLTAtMDszNTMtNy0wLTAtMDsxMDQxLTE0LTAtMC0wOzE5MC0xMy0wLTAtMHww
1014,Ele.4,Day,76,MXwzMjYtOS0wLTAtMDs0MS04LTAtMC0wOzE0Ny03LTAtMC0wOzIxNy0xNC0wLTAtMDszOC0xMy0wLTAtMHww
1014,Ele.4,Day,77,MXwxNzQtOS0wLTAtMDsxMDM3LTgtMC0wLTA7MzcxLTctMC0wLTA7Mzg5LTE0LTAtMC0wOzQwLTEzLTAtMC0wfDA=
1014,Ele.4,Day,78,MXwyNDEtOS0wLTAtMDsxMDIxLTgtMC0wLTA7MjA4LTctMC0wLTA7MjU0LTE0LTAtMC0wOzMxOS0xMy0wLTAtMHww
1014,Ele.4,Day,79,MXwzODYtOS0wLTAtMDs4Mi04LTAtMC0wOzE4NS03LTAtMC0wOzE0OS0xNC0wLTAtMDsyNzEtMTMtMC0wLTB8MA==
1014,Ele.4,Day,80,MXwxMDI2LTktMC0wLTA7MzAwLTgtMC0wLTA7MTIxLTctMC0wLTA7MjQ5LTE0LTAtMC0wOzEwNDAtMTMtMC0wLTB8MA==
1014,Ele.4,Day,81,MXwyNDAtOS0wLTAtMDsxMDQ0LTgtMC0wLTA7ODctNy0wLTAtMDs4NC0xNC0wLTAtMDs3OS0xMy0wLTAtMHww
1014,Ele.4,Day,82,MXwxOTUtOS0wLTAtMHww
1018,Ele.8,Day,1,MXwyMDA1NS05LTQtMzItOTk7MjAxMjUtOC0yMzktMTMyLTY4OzIwMTIyLTctNC0zMi0xOTA7MjAyOTMtMTQtNC0zMi0yNzU7MjAyMDUtMTMtMjc0LTMyLTIzNHww
1018,Ele.8,Day,2,MXwyMDA2NS05LTEwNi0zNTYtMTU5OzIwMDg4LTgtMjI5LTIyNC0xMDc7NjItNy00LTMyLTEyNzsyMDA1Ny0xNC0xMDAtMzM4LTYwOzczLTEzLTI5NS0zMi0yMzR8MA==
1018,Ele.8,Day,3,MXwyMDA1Ni05LTQtMTI2LTMyOzIwMjE2LTgtMjczLTMyLTIzNDsyMDA3NS03LTM0MC0xMTItNjE7ODYtMTQtMjI5LTI5MC02ODsyMDA2MC0xMy04LTEzNS0yMzR8MA==
1018,Ele.8,Day,4,MXw1NC05LTMyLTQ0LTkxOzIwMDgxLTgtMjI5LTEzMS02ODsxMTgtNy00LTMyLTI0ODsyMDA2NC0xNC04LTMyLTIzNDsyMDE3MS0xMy0xMi0zMi0yMzR8MA==
1018,Ele.8,Day,5,MXwyMDYtOS04LTMyLTIzNDsyMDE5OS04LTIyOS0yMjQtNjg7Mzc0LTctMjI5LTIyNC02ODszNzgtMTQtMTItMzE3LTIzNDszNDktMTMtOC0zMi0yMzR8MA==
1018,Ele.8,Day,6,MXwzMDctOS0zMjEtMjI0LTY4OzIwMDcxLTgtMTItMzItMjM0OzEwNi03LTEyLTMyLTIzNDszMDYtMTQtMTItMzItMjM0OzIwMDYzLTEzLTEyLTMyLTIzNHww
1018,Ele.8,Day,7,MXwxMDMyLTktMTItMzItMjU1OzExOS04LTgtMTEwLTIzNDsxMDI3LTctNC0xMTAtMTg0OzM1Ni0xNC04LTExMC0yMzQ7MzYxLTEzLTEyLTExMC0yMzR8MA==
1018,Ele.8,Day,8,MXwxNzItOS0xNjktMTEwLTIzNDsyMTQtOC04LTMxOS0yMzQ7MTAyOS03LTEyLTIwMy0yMzQ7MjAxMTQtMTQtMzA1LTcyLTIxMzsxODMtMTMtMjI0LTIwLTM1N3ww
1018,Ele.8,Day,9,MXwyMDI4Mi05LTMzNi03Ni0zMDU7MjAwMDgtOC0xODAtMjM4LTM1MTsyMDA5Ny03LTE3OS03Mi01ODs3Mi0xNC00LTAtMTY1OzIwMjI4LTEzLTQwLTMzNS0xNjh8MA==
1018,Ele.8,Day,10,MXwyMTUtOS0xNzUtMC00MDsyNDMtOC0yODItMC00MDsyMDAxMC03LTE1NS03Mi0zNTU7MjAwMDctMTQtMjI0LTcyLTE3MTsxMDUtMTMtNC0xNzMtMzA5fDA=
1018,Ele.8,Day,11,MXwyMDIxMi05LTIyNC03Mi0zMzQ7MTk0LTgtMzA0LTAtNDA7MzM4LTctNC0wLTMwOTszMTgtMTQtNC0wLTMwOTsyMDExNS0xMy0xOTctMjg2LTY2fDA=
1018,Ele.8,Day,12,MXwyMDAwMS05LTEyMi03Mi00MDsyOTAtOC00LTAtMzA5OzEyOS03LTE2MS0wLTQwOzIzNi0xNC00LTAtNDA7MjAyMjAtMTMtMjI0LTcyLTQwfDA=
1018,Ele.8,Day,13,MXwzNDAtOS00LTAtNDA7MjAxMDEtOC05Mi0zNTktMTU2OzIwMTU5LTctMjQwLTgwLTMwNTsxODEtMTQtNC0wLTQwOzIwMDI2LTEzLTYyLTM0OC0xNTd8MA==
1018,Ele.8,Day,14,MXwyMDEwMy05LTkyLTM1OC0xMjU7MTczLTgtMjAtMzE2LTY4OzI0Mi03LTI3OC03Mi01ODsyODctMTQtNC0wLTQwOzIwMTA0LTEzLTI2MC03Mi0xMnww
1018,Ele.8,Day,15,MXwyMDE0My05LTE5Mi03Mi0xMjsyNTMtOC0yMC0yMjQtNjg7MzQ1LTctMjAtMjI0LTY4OzI3Ni0xNC0yMC0yMjQtNjg7Mjg4LTEzLTQtMC0zMDl8MA==
1018,Ele.8,Day,16,MXw2MS05LTY2LTAtNDA7MjEzLTgtMzUwLTIwLTEyOzE0Mi03LTMzMi03Mi01ODsyMzMtMTQtMjY2LTcyLTQwOzE4Ny0xMy0yODgtMC00MHww
1018,Ele.8,Day,17,MXw5Ni05LTIyNC03Mi0yMzc7MTY2LTgtMjcwLTcyLTU4OzQtNy0yMjQtMjcxLTU4OzMyMy0xNC00NC03Ni0zMDU7MTAxNy0xMy0zMDUtNzItNDB8MA==
1018,Ele.8,Day,18,MXwzMzAtOS00LTAtNDA7MjUwLTgtMjI0LTcyLTU4OzEwMTgtNy0yMjQtNzItMTQ3OzI2Mi0xNC00LTAtNDA7MzgyLTEzLTQtMC00MHww
1018,Ele.8,Day,19,MXwyMDAwNS05LTIyNC03Mi00MDszMDMtOC02Ni03Mi0xMjE7Mjk3LTctNC0wLTMwOTsyMzctMTQtNC0wLTMwOTsxMDMzLTEzLTIwLTI1Mi02OHww
1018,Ele.8,Day,20,MXwyMDA5MS05LTY2LTcyLTU4OzIwMDAyLTgtNjYtNzItNTg7Mjk0LTctNjYtNzItNTg7ODAtMTQtMjAtMjIwLTY4OzIwMDMyLTEzLTU4LTcyLTEzNHww
1018,Ele.8,Day,21,MXwxODgtOS00NC03Ni0xMjsyMDE1NC04LTQ0LTc2LTE3Nzs3Ny03LTIwLTEyLTY4Ozk5LTE0LTI2OS03Mi01ODsyOTItMTMtMjAtNC02OHww
1018,Ele.8,Day,22,MXwyNzItOS02Ni03Mi01ODszNTctOC02Ni03Mi01ODsxMDktNy0yMC0xMi02ODsyODUtMTQtNjYtNzItNTg7MzM5LTEzLTIwLTEyLTY4fDA=
1018,Ele.8,Day,23,MXwxMTItOS0yMC00LTY4OzIzOC04LTIwLTEyLTY4OzI3NS03LTIwLTEyLTY4OzIwMDk0LTE0LTIxOC0zNDMtMTAzOzMxNC0xMy00LTAtNTh8MA==
1018,Ele.8,Day,24,MXwyMDEzNi05LTU4LTcyLTEyOzU4LTgtNjYtMC01ODsxMDAyLTctNDQtNzYtMTI7MTAwOS0xNC02Ni03Mi01ODsxNjItMTMtNDQtNzYtMTJ8MA==
1018,Ele.8,Day,25,MXwxMjYtOS0xOTgtNzItNTg7MzcwLTgtNjYtNzItNTg7Mzg3LTctNDQtNzYtMTI7MTAyOC0xNC0yMDEtNzItMTI7MzUxLTEzLTQ0LTc2LTEyfDA=
1018,Ele.8,Day,26,MXwxNi05LTIzNi03Mi0xMjszNTItOC00NC03Ni0xMjA7MzMxLTctNjYtNzItMDszNjYtMTQtNDQtNzYtMzA4OzExLTEzLTI5MS03Mi0wfDA=
1018,Ele.8,Day,27,MXwyNDgtOS0yNDYtNzItMDszNzktOC02Ni03Mi0wOzE1My03LTQ0LTc2LTI2NTszNTgtMTQtNjYtNzItMDsxMzUtMTMtMzA5LTcyLTI0OXww
1018,Ele.8,Day,28,MXwzNTQtOS02Ni03Mi0wOzE2OC04LTY2LTcyLTA7MTU3LTctNDQtMjMxLTg7MjQ1LTE0LTMwOS03Mi0yNzc7MTAyNS0xMy00NC0xODYtOHww
1018,Ele.8,Day,29,MXwzMDItOS00NC0yMTYtODsxNC04LTY2LTE5NS0wOzEwMTktNy0zMDktMTQ2LTg7MTI3LTE0LTMwOS0xODItODszLTEzLTE2NC03Mi0wfDA=
1018,Ele.8,Day,30,MXwyMC05LTMwOS03Mi04OzYtOC02Ni03Mi0wOzEzLTctNjYtNzItMDsyMzQtMTQtMzA5LTcyLTg7MTItMTMtNjYtNzItMHww
1018,Ele.8,Day,31,MXwzMTEtOS0zMDktNzItODszMTUtOC0zMDktNzItODsyNy03LTMwOS0xODEtODszNjMtMTQtMzA5LTcyLTg7MTc1LTEzLTQtMC0wfDA=
1018,Ele.8,Day,32,MXw3MC05LTgtMC0wOzIwMDUwLTgtMjk4LTE2MC05MDsyMDA0Ni03LTIwLTEwNS0yOTc7MzA0LTE0LTMwOS03Mi04OzMzNi0xMy0zMDktNzItOHww
1018,Ele.8,Day,33,MXwyMDAzOS05LTMzNy0xMTEtODY7Mjg2LTgtMzA5LTcyLTg7MTMwLTctMTYxLTAtMDsxMzctMTQtMzA5LTcyLTg7MTUwLTEzLTMwOS03Mi04fDA=
1018,Ele.8,Day,34,MXwxOTYtOS00LTAtMDsxOC04LTMwOS03Mi0xNjM7MjItNy0zMDktNzItNjY7MjAyMDAtMTQtMjQxLTQtOTA7MjAwNTMtMTMtMTcwLTQtOTB8MA==
1018,Ele.8,Day,35,MXwyMDI1Mi05LTE3OC00LTkwOzIwMjMwLTgtMjAtMjg3LTkwOzIwMDM3LTctMjAtMTI5LTkwOzI2MC0xNC02Ni03Mi0wOzIwMDk1LTEzLTIyMS0xNTgtOTB8MA==
1018,Ele.8,Day,36,MXwyMDIwMS05LTI2Mi00LTkwOzM3Ny04LTMxOC00LTkwOzI2Ni03LTIwLTQtOTA7NDgtMTQtMjAtMjE3LTkwOzEwMjQtMTMtMjAtNC0xODN8MA==
1018,Ele.8,Day,37,MXwzMTYtOS0yMC00LTkwOzIwMDQ0LTgtMjAtNC0xMTU7MjAwNTEtNy0yMC0xMDQtOTA7MjY5LTE0LTY2LTk1LTA7MjAwNDktMTMtMjEyLTQtOTB8MA==
1018,Ele.8,Day,38,MXwzNDYtOS02Ni05NS0wOzIyMi04LTIwLTI0Ny05MDsxOTgtNy0yMC00LTkwOzI5NS0xNC0zNjctOTUtMDszNi0xMy01OS00LTkwfDA=
1018,Ele.8,Day,39,MXwxNjUtOS00NC04MC0wOzI5Ni04LTMzOS0xMDktOTA7MTI4LTctMjAtMTA5LTkwOzEwMzEtMTQtMjAtMTA5LTI1NDsxNTUtMTMtNDQtODAtMHww
1018,Ele.8,Day,40,MXwzMDktOS0xNi05NS0wOzM0LTgtMjAtMjc5LTkwOzc4LTctMjAtMC0wOzg5LTE0LTIwLTAtMDsxMDIwLTEzLTIwLTAtMTQ4fDA=
1018,Ele.8,Day,41,MXwxNzctOS0wLTIyNS0wOzMxNy04LTIwLTAtMjU5OzMyOC03LTAtMjI1LTA7MzY0LTE0LTAtMjI1LTA7MjktMTMtMC0yMjUtMHww
1018,Ele.8,Day,42,MXwyMzUtOS0yMC0wLTMxMTs0Mi04LTIwLTAtMzExOzY5LTctMC0wLTA7MjYxLTE0LTUwLTMwMC0wOzI3NC0xMy0wLTAtMHww
1018,Ele.8,Day,43,MXwxMDM5LTktMC0wLTA7OTgtOC0wLTAtMDs2Ni03LTAtMC0wOzE1LTE0LTAtMC0wOzMzNS0xMy0wLTAtMHww
1018,Ele.8,Day,44,MXwzMjktOS0yMjctMC0wOzE0Ni04LTIyNy0wLTA7MzQ4LTctMjI3LTAtMDsyMDQtMTQtMjI3LTAtMDsxMDAtMTMtMC0wLTB8MA==
1018,Ele.8,Day,45,MXw5LTktMC0wLTA7MTIzLTgtMC0wLTA7OTAtNy0wLTAtMDs4NS0xNC0wLTAtMDszNDEtMTMtMC0wLTB8MA==
1018,Ele.8,Day,46,MXwxNjEtOS0wLTAtMDsyNTEtOC0wLTAtMDsxNjMtNy0wLTAtMDszMzMtMTQtMC0wLTA7MTc2LTEzLTAtMC0wfDA=
1018,Ele.8,Day,47,MXwzNDctOS0wLTAtMDs5Mi04LTAtMC0wOzE4OS03LTAtMC0wOzE3OC0xNC0wLTAtMDsxNy0xMy0wLTAtMHww
1018,Ele.8,Day,48,MXwzMjUtOS0wLTAtMDsxMTAtOC0wLTAtMDszNDItNy0wLTAtMDs5My0xNC0wLTAtMDsxNjctMTMtMC0wLTB8MA==
1018,Ele.8,Day,49,MXwzNzItOS0wLTAtMDsxMDM4LTgtMC0wLTA7MTA3LTctMC0wLTA7MzY1LTE0LTAtMC0wOzM4NS0xMy0wLTAtMHww
1018,Ele.8,Day,50,MXwyMDctOS0wLTAtMDsxMjAtOC0wLTAtMDsyOC03LTAtMC0wOzEwMTAtMTQtMC0wLTA7MTMzLTEzLTAtMC0wfDA=
1018,Ele.8,Day,51,MXwyMjEtOS0wLTAtMDszMzItOC0wLTAtMDsxNTgtNy0wLTAtMDsxNDEtMTQtMC0wLTA7MTkyLTEzLTAtMC0wfDA=
1018,Ele.8,Day,52,MXwxMDM0LTktMC0wLTA7MzUwLTgtMC0wLTA7MjI5LTctMC0wLTA7MjAzLTE0LTAtMC0wOzMyNC0xMy0wLTAtMHww
1018,Ele.8,Day,53,MXwxNTItOS0wLTAtMDsyMS04LTAtMC0wOzEzMS03LTAtMC0wOzE2NC0xNC0wLTAtMDsyNzgtMTMtMC0wLTB8MA==
1018,Ele.8,Day,54,MXwyNS05LTAtMC0wOzI2My04LTAtMC0wOzI4MC03LTAtMC0wOzE3OS0xNC0wLTAtMDsxNTYtMTMtMC0wLTB8MA==
1018,Ele.8,Day,55,MXwzNjItOS0wLTAtMDszNjctOC0wLTAtMDsyNjQtNy0wLTAtMDsyODMtMTQtMC0wLTA7MTExLTEzLTAtMC0wfDA=
1018,Ele.8,Day,56,MXwxODAtOS0wLTAtMDszMjAtOC0wLTAtMDszMTMtNy0wLTAtMDsyMjctMTQtMC0wLTA7MTkzLTEzLTAtMC0wfDA=
1018,Ele.8,Day,57,MXwzNDQtOS0wLTAtMDszNDMtOC0wLTAtMDsyODktNy0wLTAtMDsyNjUtMTQtMC0wLTA7MzkwLTEzLTAtMC0wfDA=
1018,Ele.8,Day,58,MXwyMzktOS0wLTAtMDsyNTgtOC0wLTAtMDsyOTgtNy0wLTAtMDs3NC0xNC0wLTAtMDsxMDgtMTMtMC0wLTB8MA==
1018,Ele.8,Day,59,MXwxMDAxLTktMC0wLTA7MjIzLTgtMC0wLTA7MjQ0LTctMC0wLTA7Mjc5LTE0LTAtMC0wOzM3My0xMy0wLTAtMHww
1018,Ele.8,Day,60,MXwxMDQzLTktMC0wLTA7MTM0LTgtMC0wLTA7MTM4LTctMC0wLTA7MjAyLTE0LTAtMC0wOzMxMC0xMy0wLTAtMHww
1018,Ele.8,Day,61,MXwxNzAtOS0wLTAtMDsxMTMtOC0wLTAtMDsyMTAtNy0wLTAtMDsxMDM1LTE0LTAtMC0wOzEzOS0xMy0wLTAtMHww
1018,Ele.8,Day,62,MXwxNDAtOS0wLTAtMDszNjktOC0wLTAtMDs2OC03LTAtMC0wOzE4Ni0xNC0wLTAtMDszNzUtMTMtMC0wLTB8MA==
1018,Ele.8,Day,63,MXwzODMtOS0wLTAtMDsxMDQyLTgtMC0wLTA7MzIyLTctMC0wLTA7MjMyLTE0LTAtMC0wOzI3Ny0xMy0wLTAtMHww
1018,Ele.8,Day,64,MXwzNzYtOS0wLTAtMDsxMzItOC0wLTAtMDszMzQtNy0wLTAtMDsyMjYtMTQtMC0wLTA7MTAyMy0xMy0wLTAtMHww
1018,Ele.8,Day,65,MXwyNzMtOS0wLTAtMDszMTItOC0wLTAtMDszODQtNy0wLTAtMDsxMDIyLTE0LTAtMC0wOzU5LTEzLTAtMC0wfDA=
1018,Ele.8,Day,66,MXwzODgtOS0wLTAtMDsxOTEtOC0wLTAtMDsxNTEtNy0wLTAtMDsxMDIxLTE0LTAtMC0wOzEwMi0xMy0wLTAtMHww
1018,Ele.8,Day,67,MXwyNjctOS0wLTAtMDsyOTEtOC0wLTAtMDszMDEtNy0wLTAtMDszMjctMTQtMC0wLTA7MTYwLTEzLTAtMC0wfDA=
1018,Ele.8,Day,68,MXwzMzctOS0wLTAtMDszNTktOC0wLTAtMDszMy03LTAtMC0wOzQ3LTE0LTAtMC0wOzE0NC0xMy0wLTAtMHww
1018,Ele.8,Day,69,MXwyMDgtOS0wLTAtMDsyNTQtOC0wLTAtMDsyMjQtNy0wLTAtMDsyOTktMTQtMC0wLTA7MTAzMC0xMy0wLTAtMHww
1018,Ele.8,Day,70,MXwyODEtOS0wLTAtMDszODEtOC0wLTAtMDszMjYtNy0wLTAtMDszMS0xNC0wLTAtMDsyNC0xMy0wLTAtMHww
1018,Ele.8,Day,71,MXwyMDktOS0wLTAtMDsyMTgtOC0wLTAtMDsyNTktNy0wLTAtMDszMjEtMTQtMC0wLTA7MzE5LTEzLTAtMC0wfDA=
1018,Ele.8,Day,72,MXwxNDUtOS0wLTAtMDszNTMtOC0wLTAtMDsxMDM2LTctMC0wLTA7MTA0MS0xNC0wLTAtMDsxOTAtMTMtMC0wLTB8MA==
1018,Ele.8,Day,73,MXwzODYtOS0wLTAtMDsxOS04LTAtMC0wOzE0OS03LTAtMC0wOzIyNS0xNC0wLTAtMDszMDAtMTMtMC0wLTB8MA==
1018,Ele.8,Day,74,MXwxMjEtOS0wLTAtMDsxNjktOC0wLTAtMDsxMDQwLTctMC0wLTA7MzU1LTE0LTAtMC0wOzM4MC0xMy0wLTAtMHww
1018,Ele.8,Day,75,MXwxODUtOS0wLTAtMDsyNzEtOC0wLTAtMDsyNDktNy0wLTAtMDsyMy0xNC0wLTAtMDs4Ny0xMy0wLTAtMHww
1018,Ele.8,Day,76,MXw4Mi05LTAtMC0wOzg0LTgtMC0wLTA7MTAyNi03LTAtMC0wOzI0MC0xNC0wLTAtMDsxMDQ0LTEzLTAtMC0wfDA=
1018,Ele.8,Day,77,MXw3OS05LTAtMC0wOzE5NS04LTAtMC0wOzIzMS03LTAtMC0wOzM2MC0xNC0wLTAtMDs1Mi0xMy0wLTAtMHww
1018,Ele.8,Day,78,MXwxMjQtOS0wLTAtMDsxNDctOC0wLTAtMDszNS03LTAtMC0wOzExNy0xNC0wLTAtMDsxODItMTMtMC0wLTB8MA==
1018,Ele.8,Day,79,MXwyMTctOS0wLTAtMDsyNTYtOC0wLTAtMDsyNTUtNy0wLTAtMDsyNjgtMTQtMC0wLTA7Mjg0LTEzLTAtMC0wfDA=
1018,Ele.8,Day,80,MXwzMDgtOS0wLTAtMDs0MS04LTAtMC0wOzM4LTctMC0wLTA7MjQxLTE0LTAtMC0wOzE3NC0xMy0wLTAtMHww
1018,Ele.8,Day,81,MXwxMDM3LTktMC0wLTA7MzcxLTgtMC0wLTA7MTk3LTctMC0wLTA7Mzg5LTE0LTAtMC0wOzQwLTEzLTAtMC0wfDA=
1024,Int.4,Day,1,MXwyMDA1MC05LTI5OC0xNjAtOTA7MjAwNDYtOC0yMC0xMDUtMjk3OzIwMDM5LTctMzM3LTExMS04Njs0OC0xNC0yMC0yMTctOTA7MzYtMTMtNTktNC05MHww
1024,Int.4,Day,2,MXwyMDIwMC05LTI0MS00LTkwOzIwMDUzLTgtMTcwLTQtOTA7MjAyNTItNy0xNzgtNC05MDsyMDIzMC0xNC0yMC0yODctOTA7MjAwMzctMTMtMjAtMTI5LTkwfDA=
1024,Int.4,Day,3,MXwzNDgtOS0yMC00LTkwOzIwMDk1LTgtMjIxLTE1OC05MDsyMDIwMS03LTI2Mi00LTkwOzM3Ny0xNC0zMTgtNC05MDszMDUtMTMtMjAtNC05MHww
1024,Int.4,Day,4,MXwyNjYtOS0yMC00LTkwOzEwMjQtOC0yMC00LTE4MzszMTYtNy0yMC00LTkwOzIwMDQ0LTE0LTIwLTQtMTE1OzIwMDUxLTEzLTIwLTEwNC05MHww
1024,Int.4,Day,5,MXwyMDA0OS05LTIxMi00LTkwOzM0LTgtMjAtMjc5LTkwOzIyMi03LTIwLTI0Ny05MDsxOTgtMTQtMjAtNC05MDsxMDMxLTEzLTIwLTQtMjU0fDA=
1024,Int.4,Day,6,MXwyMDExNC05LTMwNS03Mi0yMTM7MTgzLTgtMjI0LTIwLTM1NzszMTctNy0yMC00LTI1OTsxMjgtMTQtMjAtNC0zMTE7MTAyMC0xMy0yMC00LTE0OHww
1024,Int.4,Day,7,MXwyMDEyNS05LTIzOS0xMzItNjg7Mjk2LTgtMzM5LTQtMDsyMDI4Mi03LTMzNi03Ni0zMDU7MjAwMDgtMTQtMTgwLTIzOC0zNTE7MjAwOTctMTMtMTc5LTcyLTU4fDA=
1024,Int.4,Day,8,MXwyNTctOS0yMC00LTA7MTk3LTgtMjAtNC0wOzIwMDg4LTctMjI5LTIyNC0xMDc7MjAwMTAtMTQtMTU1LTcyLTM1NTsyMDAwNy0xMy0yMjQtNzItMTcxfDA=
1024,Int.4,Day,9,MXwyMDIxMi05LTIyNC03Mi0zMzQ7NDMtOC0yNDItNC0wOzE0OC03LTIwLTQtMDsyNDctMTQtMjAtNC0wOzIwMDAxLTEzLTEyMi03Mi00MHww
1024,Int.4,Day,10,MXwyNzAtOS0yMTEtNC0wOzM4MS04LTIwLTQtMDsyMTEtNy0yMC00LTA7MjM1LTE0LTIwLTQtMzExOzIwMjIwLTEzLTIyNC03Mi00MHww
1024,Int.4,Day,11,MXwzMzctOS0yMC00LTA7MjAxNTktOC0yNDAtODAtMzA1OzE4NC03LTIwLTQtMDsyNDItMTQtMjc4LTcyLTU4OzIwMDc1LTEzLTM0MC0xMTItNjF8MA==
1024,Int.4,Day,12,MXwxNDItOS0zMzItNzItNTg7MjMzLTgtMjY2LTcyLTQwOzk2LTctMjI0LTcyLTIzNzsxNjYtMTQtMjcwLTcyLTU4OzQtMTMtMjI0LTI3MS01OHww
1024,Int.4,Day,13,MXwzMjMtOS00NC03Ni0zMDU7MTAxNy04LTMwNS03Mi00MDsyNTAtNy0yMjQtNzItNTg7NDItMTQtMjAtNC0zMTE7MTAxOC0xMy0yMjQtNzItMTQ3fDA=
1024,Int.4,Day,14,MXwyMDAwNS05LTIyNC03Mi00MDszMDMtOC0yMjQtNzItNTg7MjAwOTEtNy0yMjQtNzItNTg7MjAwODEtMTQtMjI5LTEzMS02ODsyMDAwMi0xMy0yMjQtNzItNTh8MA==
1024,Int.4,Day,15,MXwyOTQtOS02Ni03Mi00MDsyMDE5OS04LTIyOS0yMjQtNjg7Mzc0LTctMjI5LTIyNC02ODsxNzMtMTQtMjI5LTMxNi02ODsxODgtMTMtNDQtNzYtMTJ8MA==
1024,Int.4,Day,16,MXwyMDE1NC05LTQ0LTc2LTE3Nzs5OS04LTIyNC03Mi01ODsyNzItNy02Ni03Mi00MDszNTctMTQtNjYtNzItNTg7Mjg1LTEzLTY2LTcyLTU4fDA=
1024,Int.4,Day,17,MXwzMDctOS0zMjEtMTItNjg7MTAwMi04LTQ0LTc2LTEyOzEwMDktNy02Ni03Mi01ODsxNjItMTQtNDQtNzYtMTI7MTI2LTEzLTE5OC03Mi01OHww
1024,Int.4,Day,18,MXwzNzAtOS02Ni03Mi00MDsyNDgtOC0yNDYtNzItNDA7MTEtNy0yOTEtNzItNTg7MzMxLTE0LTY2LTcyLTQwOzM3OS0xMy02Ni03Mi01OHww
1024,Int.4,Day,19,MXwzNTgtOS02Ni03Mi01ODszODctOC00NC03Ni0xMjsxNC03LTY2LTE5NS00MDszNTQtMTQtNjYtNzItNDA7MzUxLTEzLTQ0LTc2LTEyfDA=
1024,Int.4,Day,20,MXwxNjgtOS02Ni03Mi01ODszNTItOC00NC03Ni0xMjszNjYtNy00NC03Ni0xMjsyNjEtMTQtMjAtMzAwLTA7MTU3LTEzLTQ0LTc2LTEyfDA=
1024,Int.4,Day,21,MXwzLTktMTY0LTcyLTQwOzYtOC02Ni03Mi00MDsxMDI1LTctNDQtMTg2LTEyOzMwMi0xNC00NC0yMTYtMTI7MTUzLTEzLTQ0LTIzMS0yNjV8MA==
1024,Int.4,Day,22,MXwxMi05LTY2LTcyLTQwOzEzLTgtNjYtNzItNTg7MzI5LTctMjAtNC0wOzE0Ni0xNC0yMC00LTA7MjA0LTEzLTIwLTQtMHww
1024,Int.4,Day,23,MXwyMDIyOC05LTQwLTMzNS0xNjg7MjAwNTUtOC00LTMyLTk5OzI3Ni03LTIwLTEyLTY4OzEwMzMtMTQtMjAtMjUyLTY4OzM0NS0xMy01MC0xMi02OHww
1024,Int.4,Day,24,MXwyMDExNS05LTE5Ny0yODYtNjY7MjUzLTgtMjI3LTEyLTY4OzIwMTIyLTctNC0zMi0xOTA7MjAyOTMtMTQtNC0zMi0yNzU7MjAwNjUtMTMtMTA2LTM1Ni0xNTl8MA==
1024,Int.4,Day,25,MXwyMDIwNS05LTI3NC0zMi0yMzQ7ODAtOC0yMjctMjIwLTY4Ozc3LTctMjI3LTEyLTY4OzIwMTAxLTE0LTkyLTM1OS0xNTY7MjAwMjYtMTMtNjItMzQ4LTE1N3ww
1024,Int.4,Day,26,MXwyMDEwMy05LTkyLTM1OC0xMjU7MjkyLTgtMjI3LTQtNjg7ODYtNy0yMjctMjkwLTY4OzEwOS0xNC0yMjctMTItNjg7MjAxMDQtMTMtMjYwLTcyLTEyfDA=
1024,Int.4,Day,27,MXwyMDE0My05LTE5Mi03Mi0xMjszMzktOC0yMjctMTItNjg7MTEyLTctMjI3LTQtNjg7MjM4LTE0LTIyNy0xMi02ODsyMDAzMi0xMy0yMzQtNzItMTM0fDA=
1024,Int.4,Day,28,MXwyMDA1Ny05LTEwMC0zMzgtNjA7Mjc1LTgtMjI3LTEyLTY4OzIxMy03LTIzNC0yMjctMTI7MjYwLTE0LTY2LTcyLTA7MjAwNTYtMTMtMTA5LTEyNi0zMnww
1024,Int.4,Day,29,MXwyMDIxNi05LTI3My0zMi0yMzQ7MjY5LTgtNjYtNzItMDszNDYtNy02Ni03Mi0wOzIwMTM2LTE0LTIzNC03Mi0xMjszMDktMTMtNjYtNzItMHww
1024,Int.4,Day,30,MXwxNjUtOS00NC04MC0wOzEyNy04LTIzNC0xODItMTI7MTM1LTctMjM0LTcyLTI0OTsxMDE5LTE0LTIzNC0xNDYtMTI7MjAwNjAtMTMtOC0xMzUtMjM0fDA=
1024,Int.4,Day,31,MXw1NC05LTMyLTQ0LTkxOzIwMDk0LTgtMjM0LTcyLTEyMDsxMTgtNy0xMDktMzItMjQ4OzIwMDY0LTE0LTgtMzItMjM0OzYyLTEzLTEwOS0zMi0xMjd8MA==
1024,Int.4,Day,32,MXwyMDE3MS05LTgtMzItMjM0OzIwNi04LTgtMzItMjM0OzE1NS03LTQ0LTgwLTA7Mzc4LTE0LTgtMzE3LTIzNDs3My0xMy0yOTUtMzItMjM0fDA=
1024,Int.4,Day,33,MXwyNDUtOS00MC03Mi0yNzc7MjAwNzEtOC04LTMyLTIzNDsyMC03LTIzNC03Mi04OzEwMjgtMTQtMjM0LTcyLTg7MTYtMTMtMjM2LTcyLTh8MA==
1024,Int.4,Day,34,MXwxMTktOS04LTMyLTIzNDsxMDMyLTgtOC0zMi0yNTU7MzExLTctNDAtNzItODsyMzQtMTQtNDAtNzItODszNjMtMTMtMTIxLTcyLTh8MA==
1024,Int.4,Day,35,MXwxMDI3LTktNjYtMzItMTg0OzIxNS04LTE3NS0zMi0zMDk7MzE1LTctNTgtNzItODs3Mi0xNC02Ni0zMi0xNjU7MTk0LTEzLTMwNC0xMTAtMzA5fDA=
1024,Int.4,Day,36,MXwyNDMtOS0yODItMTEwLTMwOTsxNzItOC0xNjktMTEwLTMwOTszMDYtNy02Ni0xMTAtMzA5OzEwMjktMTQtMjAyLTExMC0yMDQ7MjctMTMtMzA5LTE4MS04fDA=
1024,Int.4,Day,37,MXwyMTQtOS02Ni0zMTktMzA5OzMwNC04LTMwOS03Mi04OzMzNi03LTMwOS03Mi04OzI4Ni0xNC0zMDktNzItODsxMDYtMTMtNjYtMC0zMDl8MA==
1024,Int.4,Day,38,MXwxMzctOS0zMDktOTUtODsxOC04LTMwOS05NS0xNjM7MTUwLTctMzA5LTk1LTg7MTI5LTE0LTE2MS0wLTMwOTszNjEtMTMtOC0wLTMwOXww
1024,Int.4,Day,39,MXwzNTYtOS04LTAtMzA5OzIwMDYzLTgtOC0wLTMwOTszMzgtNy0xNi0wLTMwOTsyOTAtMTQtMTYtMC0zMDk7MzE4LTEzLTE2LTAtMzA5fDA=
1024,Int.4,Day,40,MXwxMDUtOS0xNi0xNzMtMzA5OzE4Ny04LTI4OC0wLTMwOTsyMzYtNy0xNi0wLTMwOTs5OC0xNC0wLTAtMDsyMi0xMy0wLTk1LTE2fDA=
1024,Int.4,Day,41,MXwxOTItOS0wLTAtMDsyOTUtOC0zNjctMjI1LTA7MTUtNy0wLTAtMDs3OC0xNC0yMjctMC0wOzg5LTEzLTIyNy0wLTB8MA==
1024,Int.4,Day,42,MXwxNzktOS0wLTAtMDszMjAtOC0wLTAtMDsxODAtNy0wLTAtMDsxMDAtMTQtMC0wLTA7OS0xMy0wLTAtMHww
1024,Int.4,Day,43,MXwxNzctOS0wLTIyNS0wOzEyMy04LTAtMC0wOzMyOC03LTAtMjI1LTA7OTAtMTQtMC0wLTA7MzY0LTEzLTAtMjI1LTB8MA==
1024,Int.4,Day,44,MXwxNzUtOS0xNi0wLTA7MTMwLTgtMTYxLTAtMDsxNjEtNy0wLTAtMDsxNjMtMTQtMC0wLTA7MTg5LTEzLTAtMC0wfDA=
1024,Int.4,Day,45,MXwxOTYtOS0xNi0wLTA7MzI1LTgtMC0wLTA7NzAtNy0xNi0wLTA7MTY3LTE0LTAtMC0wOzMzNC0xMy0wLTAtMHww
1024,Int.4,Day,46,MXwzMTItOS0wLTAtMDsyMjYtOC0wLTAtMDsyNzMtNy0wLTAtMDsxMDEwLTE0LTAtMC0wOzM4OC0xMy0wLTAtMHww
1024,Int.4,Day,47,MXwyMjEtOS0wLTAtMDs0Ny04LTAtMC0wOzMzMi03LTAtMC0wOzE1OC0xNC0wLTAtMDsxNDUtMTMtMC0wLTB8MA==
1024,Int.4,Day,48,MXwxNDEtOS0wLTAtMDs4NS04LTAtMC0wOzExMC03LTAtMC0wOzM0MS0xNC0wLTAtMDsxMDM0LTEzLTAtMC0wfDA=
1024,Int.4,Day,49,MXwyNTEtOS0wLTAtMDszNTAtOC0wLTAtMDszMzMtNy0wLTAtMDsxNzYtMTQtMC0wLTA7MjI5LTEzLTAtMC0wfDA=
1024,Int.4,Day,50,MXwzNDctOS0wLTAtMDs5Mi04LTAtMC0wOzY5LTctMC0wLTA7MTc4LTE0LTAtMC0wOzMyNC0xMy0wLTAtMHww
1024,Int.4,Day,51,MXwxNTItOS0wLTAtMDsxNjQtOC0wLTAtMDsyNzgtNy0wLTAtMDsxNy0xNC0wLTAtMDsyNzQtMTMtMC0wLTB8MA==
1024,Int.4,Day,52,MXwxMDM5LTktMC0wLTA7MTU2LTgtMC0wLTA7MzY3LTctMC0wLTA7MjgzLTE0LTAtMC0wOzkzLTEzLTAtMC0wfDA=
1024,Int.4,Day,53,MXw2Ni05LTAtMC0wOzMzNS04LTAtMC0wOzI4LTctMC0wLTA7MTAwMS0xNC0wLTAtMDsyNDQtMTMtMC0wLTB8MA==
1024,Int.4,Day,54,MXwyMDItOS0wLTAtMDszMTAtOC0wLTAtMDsxMTMtNy0wLTAtMDsyMTAtMTQtMC0wLTA7MjMxLTEzLTAtMC0wfDA=
1024,Int.4,Day,55,MXwyNjMtOS0wLTAtMDszNjAtOC0wLTAtMDsxMDM1LTctMC0wLTA7NDAtMTQtMC0wLTA7MTI0LTEzLTAtMC0wfDA=
1024,Int.4,Day,56,MXwyNjgtOS0wLTAtMDs1Mi04LTAtMC0wOzEzOS03LTAtMC0wOzM1LTE0LTAtMC0wOzExNy0xMy0wLTAtMHww
1024,Int.4,Day,57,MXwxODItOS0wLTAtMDsyNTYtOC0wLTAtMDsyNTUtNy0wLTAtMDsyODQtMTQtMC0wLTA7MjY0LTEzLTAtMC0wfDA=
1024,Int.4,Day,58,MXwzMDgtOS0wLTAtMDsxNDAtOC0wLTAtMDszNjItNy0wLTAtMDszNjktMTQtMC0wLTA7MTExLTEzLTAtMC0wfDA=
1024,Int.4,Day,59,MXwxNDctOS0wLTAtMDsxODYtOC0wLTAtMDsyMTctNy0wLTAtMDszNzUtMTQtMC0wLTA7MzgzLTEzLTAtMC0wfDA=
1024,Int.4,Day,60,MXwxMDQyLTktMC0wLTA7NDEtOC0wLTAtMDszOC03LTAtMC0wOzMyMi0xNC0wLTAtMDsxNzQtMTMtMC0wLTB8MA==
1024,Int.4,Day,61,MXwxMDM3LTktMC0wLTA7MzcxLTgtMC0wLTA7Mzg5LTctMC0wLTA7MjAzLTE0LTAtMC0wOzI0MS0xMy0wLTAtMHww
1024,Int.4,Day,62,MXwyMzItOS0wLTAtMDsyNzctOC0wLTAtMDszNDItNy0wLTAtMDsyNS0xNC0wLTAtMDsyMS0xMy0wLTAtMHww
1024,Int.4,Day,63,MXwxMzItOS0wLTAtMDsxMzEtOC0wLTAtMDsyODAtNy0wLTAtMDsxMDIyLTE0LTAtMC0wOzE1MS0xMy0wLTAtMHww
1024,Int.4,Day,64,MXwxNjAtOS0wLTAtMDsxMDM4LTgtMC0wLTA7MzcyLTctMC0wLTA7MTA3LTE0LTAtMC0wOzI5OS0xMy0wLTAtMHww
1024,Int.4,Day,65,MXwyODEtOS0wLTAtMDszNjUtOC0wLTAtMDszODUtNy0wLTAtMDszMjYtMTQtMC0wLTA7MjA3LTEzLTAtMC0wfDA=
1024,Int.4,Day,66,MXwzMjEtOS0wLTAtMDszNTMtOC0wLTAtMDsxMDQxLTctMC0wLTA7MTkwLTE0LTAtMC0wOzEyMC0xMy0wLTAtMHww
1024,Int.4,Day,67,MXwxMzMtOS0wLTAtMDsxMDIxLTgtMC0wLTA7MjA4LTctMC0wLTA7MjU0LTE0LTAtMC0wOzMxOS0xMy0wLTAtMHww
1024,Int.4,Day,68,MXwzNzYtOS0wLTAtMDszODYtOC0wLTAtMDsxNDktNy0wLTAtMDs1OS0xNC0wLTAtMDsxMDIzLTEzLTAtMC0wfDA=
1024,Int.4,Day,69,MXwzMDAtOS0wLTAtMDsxMjEtOC0wLTAtMDsyNDktNy0wLTAtMDsxMDQwLTE0LTAtMC0wOzM4NC0xMy0wLTAtMHww
1024,Int.4,Day,70,MXw4Ny05LTAtMC0wOzgyLTgtMC0wLTA7MzMtNy0wLTAtMDsxNDQtMTQtMC0wLTA7ODQtMTMtMC0wLTB8MA==
1024,Int.4,Day,71,MXw3OS05LTAtMC0wOzE5MS04LTAtMC0wOzE4NS03LTAtMC0wOzEwMi0xNC0wLTAtMDsxOTUtMTMtMC0wLTB8MA==
1024,Int.4,Day,72,MXwyNjctOS0wLTAtMDsyNzEtOC0wLTAtMDsxMDI2LTctMC0wLTA7MjI0LTE0LTAtMC0wOzI5MS0xMy0wLTAtMHww
1024,Int.4,Day,73,MXwzMDEtOS0wLTAtMDszMjctOC0wLTAtMDsxMDMwLTctMC0wLTA7MzU5LTE0LTAtMC0wOzI0MC0xMy0wLTAtMHww
1024,Int.4,Day,74,MXwxMDQ0LTktMC0wLTA7MzEtOC0wLTAtMDsyNC03LTAtMC0wOzE5LTE0LTAtMC0wOzIwOS0xMy0wLTAtMHww
1024,Int.4,Day,75,MXwyMjUtOS0wLTAtMDsyMjctOC0wLTAtMDsyMTgtNy0wLTAtMDsyNTktMTQtMC0wLTA7MzEzLTEzLTAtMC0wfDA=
1024,Int.4,Day,76,MXwxNjktOS0wLTAtMDsxMDM2LTgtMC0wLTA7MzU1LTctMC0wLTA7MzgwLTE0LTAtMC0wOzE5My0xMy0wLTAtMHww
1024,Int.4,Day,77,MXwyNTgtOS0wLTAtMDsyNjUtOC0wLTAtMDsyOTgtNy0wLTAtMDsyODktMTQtMC0wLTA7MzQ0LTEzLTAtMC0wfDA=
1024,Int.4,Day,78,MXwzNDMtOS0wLTAtMDsyMy04LTAtMC0wOzM5MC03LTAtMC0wOzI5LTE0LTAtMC0wOzc0LTEzLTAtMC0wfDA=
1024,Int.4,Day,79,MXwxMDgtOS0wLTAtMDsxMzQtOC0wLTAtMDsxMzgtNy0wLTAtMDsyMzktMTQtMC0wLTA7MjIzLTEzLTAtMC0wfDA=
1024,Int.4,Day,80,MXwyNzktOS0wLTAtMDszNzMtOC0wLTAtMDsxMDQzLTctMC0wLTA7NjgtMTQtMC0wLTA7MTcwLTEzLTAtMC0wfDA=
1028,Int.8,Day,1,MXwyMDA1MC05LTI5OC0xNjAtOTA7MjAxMTQtOC0zMDUtNzItMjEzOzIwMDQ2LTctMjAtMTA1LTI5NzsxODMtMTQtMjI0LTIwLTM1NzsyMDAzOS0xMy0zMzctMTExLTg2fDA=
1028,Int.8,Day,2,MXwyMDAwOC05LTE4MC0yMzgtMzUxOzIwMDk3LTgtMTc5LTcyLTU4OzIwMDEwLTctMTU1LTcyLTM1NTsyMDAwNy0xNC0yMjQtNzItMTcxOzIwMjEyLTEzLTIyNC03Mi0zMzR8MA==
1028,Int.8,Day,3,MXwyMDIwMC05LTI0MS00LTkwOzIwMDUzLTgtMTcwLTQtOTA7MjAwMDEtNy0xMjItNzItNDA7Mjg1LTE0LTIyNC03Mi01ODsyMDI1Mi0xMy0xNzgtNC05MHww
1028,Int.8,Day,4,MXwyMDIyMC05LTIyNC03Mi00MDsyMDIzMC04LTIwLTI4Ny05MDsyMDAzNy03LTIwLTEyOS05MDsyNDItMTQtMjc4LTcyLTU4OzM1NC0xMy0yMjQtNzItNTh8MA==
1028,Int.8,Day,5,MXwyMDA5NS05LTIyMS0xNTgtOTA7MTQyLTgtMzMyLTcyLTU4OzIzMy03LTI2Ni03Mi00MDs5Ni0xNC0yMjQtNzItMjM3OzE2Ni0xMy0yNzAtNzItNTh8MA==
1028,Int.8,Day,6,MXw0LTktMjI0LTI3MS01ODsyNzAtOC0yMTEtNC05MDsxMDE3LTctMzA1LTcyLTQwOzI1MC0xNC0yMjQtNzItNTg7MTAxOC0xMy0zMDUtNzItMTQ3fDA=
1028,Int.8,Day,7,MXwyMDIwMS05LTI2Mi00LTkwOzM3Ny04LTMxOC00LTkwOzIwMDA1LTctMzA1LTcyLTQwOzI2Ni0xNC0yMC00LTkwOzQ4LTEzLTIwLTIxNy05MHww
1028,Int.8,Day,8,MXwxMDI0LTktMjAtNC0xODM7MzAzLTgtMzA1LTcyLTQwOzMxNi03LTIwLTQtOTA7MjAwNDQtMTQtMjAtNC0xMTU7MjAwNTEtMTMtMjAtMTA0LTkwfDA=
1028,Int.8,Day,9,MXwyMDA5MS05LTIyNC03Mi01ODsyMDA0OS04LTIxMi00LTkwOzIwMDAyLTctMjI0LTcyLTU4OzI5NC0xNC02Ni03Mi00MDsyMjItMTMtMjAtMjQ3LTkwfDA=
1028,Int.8,Day,10,MXwxOTgtOS0yMC00LTkwOzIwMDU1LTgtNC0zMi05OTszNi03LTU5LTQtOTA7OTktMTQtMjI0LTcyLTU4OzI5Ni0xMy0zMzktNC05MHww
1028,Int.8,Day,11,MXwyNzItOS0yMjQtNzItNTg7MTI4LTgtMjAtNC05MDsxMDMxLTctMjAtNC0yNTQ7MzU3LTE0LTIyNC03Mi01ODszMTctMTMtMjAtNC0yNTl8MA==
1028,Int.8,Day,12,MXwyMDEyMi05LTQtMzItMTkwOzIwMjkzLTgtNC0zMi0yNzU7MTAwOS03LTIyNC03Mi01ODsxMDIwLTE0LTIwLTQtMTQ4OzIwMjA1LTEzLTI3NC0zMi0yMzR8MA==
1028,Int.8,Day,13,MXwzNzAtOS0yMjQtNzItNTg7MjAwNjUtOC0xMDYtMzU2LTE1OTsxMjYtNy0xOTgtNzItNTg7MjQ4LTE0LTI0Ni03Mi00MDsxMS0xMy0yOTEtNzItNTh8MA==
1028,Int.8,Day,14,MXwzMzEtOS02Ni03Mi01ODsyMDEyNS04LTIzOS0xMzItNjg7Mzc5LTctNjYtNzItNTg7MzU4LTE0LTY2LTcyLTU4OzE0LTEzLTY2LTE5NS00MHww
1028,Int.8,Day,15,MXwyMDA1Ny05LTEwMC0zMzgtNjA7MjU3LTgtMjAtNC0wOzE2OC03LTY2LTcyLTQwOzE5Ny0xNC0yMC00LTA7MjAyMjgtMTMtNDAtMzM1LTE2OHww
1028,Int.8,Day,16,MXwyMDA1Ni05LTQtMTI2LTMyOzMtOC0xNjQtNzItNDA7Ni03LTY2LTcyLTQwOzM0OC0xNC0yMC00LTA7MjAyMTYtMTMtMjczLTMyLTIzNHww
1028,Int.8,Day,17,MXw0My05LTI0Mi00LTA7MjAwODgtOC0yMjktMjg1LTEwNzsxNDgtNy0yMC00LTA7MzQtMTQtMjAtMjc5LTMxMTsyNDctMTMtMjAtNC0wfDA=
1028,Int.8,Day,18,MXwyMDExNS05LTE5Ny0yODYtNjY7MTItOC02Ni03Mi00MDszODEtNy0yMC00LTA7MTMtMTQtNjYtNzItNDA7MjExLTEzLTIwLTQtMHww
1028,Int.8,Day,19,MXwyMzUtOS0yMC00LTMxMTszMDUtOC0yMC00LTA7MjEzLTctMjM0LTIwLTEyOzMzNy0xNC0yMC00LTA7MjAxMDEtMTMtOTItMzU5LTE1Nnww
1028,Int.8,Day,20,MXwyMDAyNi05LTYyLTM0OC0xNTc7MjAxMDMtOC05Mi0zNTgtMTI1OzE4NC03LTIwLTQtMDsyMDA2MC0xNC04LTEzNS0yMzQ7NTQtMTMtMzItNDQtOTF8MA==
1028,Int.8,Day,21,MXwyMDEwNC05LTI2MC03Mi0xMjsyMDE0My04LTE5Mi03Mi0xMjsxMTgtNy00LTMyLTI0ODsyMDA2NC0xNC04LTMyLTIzNDsyMDA3NS0xMy0zNDAtMTEyLTYxfDA=
1028,Int.8,Day,22,MXwyMDE3MS05LTEyLTMyLTIzNDsyMDAzMi04LTIzNC03Mi0xMzQ7NjItNy00LTMyLTEyNzsyMDYtMTQtOC0zMi0yMzQ7Mzc4LTEzLTEyLTMxNy0yMzR8MA==
1028,Int.8,Day,23,MXw0Mi05LTIwLTQtMzExOzczLTgtMjk1LTMyLTIzNDsyMDA4MS03LTIyOS0xMzEtNjg7MjAwNzEtMTQtMTItMzItMjM0OzEwNi0xMy0xMi0zMi0yMzR8MA==
1028,Int.8,Day,24,MXwxNzMtOS0yMjktMzE2LTY4OzMwNi04LTEyLTMyLTIzNDsyMDA2My03LTEyLTMyLTIzNDsxMTktMTQtOC0zMi0yMzQ7MTAzMi0xMy0xMi0zMi0yNTV8MA==
1028,Int.8,Day,25,MXwxMDI3LTktNC0xMTAtMTg0OzIwMTM2LTgtMjM0LTcyLTEyOzM1Ni03LTgtMTEwLTIzNDszNjEtMTQtMTItMTEwLTIzNDsxNzItMTMtMTY5LTExMC0yMzR8MA==
1028,Int.8,Day,26,MXw3Mi05LTQtMTEwLTE2NTsyMDE5OS04LTIyOS0xMi02ODszNzQtNy0yMjktMTItNjg7MTM1LTE0LTQwLTcyLTI0OTsyMDA5NC0xMy0yMTgtMzQzLTEwM3ww
1028,Int.8,Day,27,MXwxMjctOS00MC0xODItMTI7MzA3LTgtMzIxLTEyLTY4OzEwMTktNy00MC0xNDYtMTI7MjQ1LTE0LTQwLTcyLTI3NzsyMC0xMy0xMjEtNzItMTJ8MA==
1028,Int.8,Day,28,MXwxMDI4LTktMjAxLTcyLTEyOzE2LTgtMjM2LTcyLTEyOzI2MS03LTIwLTMwMC0wOzIxNC0xNC0xMDktMzE5LTMwOTsxMDI5LTEzLTEwOS0yMDMtMzA5fDA=
1028,Int.8,Day,29,MXwyMTUtOS0xNzUtMC0zMDk7MzI5LTgtMjAtMTA5LTA7MjYwLTctNjYtNzItMDsxOTQtMTQtMzA0LTAtMzA5OzI0My0xMy0yODItMC0zMDl8MA==
1028,Int.8,Day,30,MXwyMzQtOS0zMDktNzItMTI7MzExLTgtMzA5LTcyLTEyOzI3LTctMzA5LTE4MS0xMjsyNjktMTQtNjYtNzItMDszMTUtMTMtMzA5LTcyLTEyfDA=
1028,Int.8,Day,31,MXwzNjMtOS0zMDktNzItMTI7MTQ2LTgtMjAtNjYtMDsxMjktNy0xNjEtMC0zMDk7MzQ2LTE0LTY2LTcyLTA7MzM4LTEzLTY2LTAtMzA5fDA=
1028,Int.8,Day,32,MXwxMDUtOS02Ni0xNzMtMzA5OzIwNC04LTIwLTY2LTA7MzE4LTctNjYtMC0zMDk7MjkwLTE0LTY2LTAtMzA5OzMwOS0xMy02Ni03Mi0wfDA=
1028,Int.8,Day,33,MXwyMzYtOS02Ni0wLTMwOTszNDAtOC02Ni0wLTMwOTszMzYtNy0zMDktNzItMTIwOzE4MS0xNC02Ni0wLTMwOTsyODctMTMtNjYtMC0zMDl8MA==
1028,Int.8,Day,34,MXwzMDQtOS0zMDktNzItODsyODgtOC02Ni0wLTMwOTsyODYtNy0zMDktNzItODsxODctMTQtMjg4LTAtMzA5OzEzNy0xMy0wLTcyLTh8MA==
1028,Int.8,Day,35,MXwxMDMzLTktMjAtMjUyLTY4OzE1MC04LTAtOTUtODsxOC03LTAtOTUtMTYzOzgwLTE0LTUwLTIyMC02ODsyMi0xMy0wLTk1LTh8MA==
1028,Int.8,Day,36,MXwyNTMtOS0yMjctOC02ODszNDUtOC0yMjctOC02ODsyNzYtNy0yMjctOC02ODs4Ni0xNC0yMjctMjkwLTY4OzI5Mi0xMy0yMjctOC02OHww
1028,Int.8,Day,37,MXwxMTItOS0yMjctOC02ODszMzktOC0yMjctOC02ODsyMzgtNy0yMjctOC02ODsxMDktMTQtMjI3LTgtNjg7NzctMTMtMjI3LTgtNjh8MA==
1028,Int.8,Day,38,MXwyNzUtOS0yMjctOC02ODsyMDI4Mi04LTMzNi03Ni04OzI5NS03LTM2Ny05NS0wOzE3NS0xNC04LTAtMDsyMDE1OS0xMy0yNDAtNzYtOHww
1028,Int.8,Day,39,MXwxMzAtOS0xNjEtMC0wOzE5Ni04LTgtMC0wOzIwMTU0LTctNDQtNzYtMTc3OzE4OC0xNC00NC03Ni0zMDg7MzIzLTEzLTQ0LTc2LTMwOHww
1028,Int.8,Day,40,MXw5OC05LTAtMC0wOzE3Ny04LTAtMjI1LTA7MzI4LTctMC0yMjUtMDszNjQtMTQtMC0yMjUtMDsyOS0xMy0wLTIyNS0wfDA=
1028,Int.8,Day,41,MXwxMDAyLTktNDQtNzYtMzA4OzE2Mi04LTQ0LTc2LTMwODsxNS03LTAtMC0wOzE1My0xNC00NC03Ni0yNjU7NzAtMTMtMTYtMC0wfDA=
1028,Int.8,Day,42,MXwzODctOS00NC03Ni0xNjszNTEtOC00NC04MC0xNjszNTItNy00NC04MC0xNjszNjYtMTQtNDQtODAtMTY7MTU3LTEzLTQ0LTgwLTE2fDA=
1028,Int.8,Day,43,MXwzMDItOS00NC04MC0xNjsxMDI1LTgtNDQtODAtMTY7MTAwLTctMC0wLTA7OS0xNC0wLTAtMDsxMjMtMTMtMC0wLTB8MA==
1028,Int.8,Day,44,MXw5MC05LTAtMC0wOzE5Mi04LTAtMC0wOzE4MC03LTAtMC0wOzc4LTE0LTIyNy0wLTA7ODktMTMtMjI3LTAtMHww
1028,Int.8,Day,45,MXwxNzktOS0wLTAtMDszMjAtOC0wLTAtMDsxNjUtNy00NC04MC0wOzE2Ny0xNC0wLTAtMDs2OS0xMy0wLTAtMHww
1028,Int.8,Day,46,MXwxNTUtOS00NC04MC0wOzM0MS04LTAtMC0wOzI3NC03LTAtMC0wOzEwMzktMTQtMC0wLTA7MjUxLTEzLTAtMC0wfDA=
1028,Int.8,Day,47,MXwzMzMtOS0wLTAtMDsxNzYtOC0wLTAtMDszNDctNy0wLTAtMDs5Mi0xNC0wLTAtMDsxNzgtMTMtMC0wLTB8MA==
1028,Int.8,Day,48,MXwxMDEwLTktMC0wLTA7NjYtOC0wLTAtMDsyMjEtNy0wLTAtMDszMzUtMTQtMC0wLTA7MTctMTMtMC0wLTB8MA==
1028,Int.8,Day,49,MXwzMzItOS0wLTAtMDs5My04LTAtMC0wOzE0MS03LTAtMC0wOzMzNC0xNC0wLTAtMDszMTItMTMtMC0wLTB8MA==
1028,Int.8,Day,50,MXwyMjYtOS0wLTAtMDsyNzMtOC0wLTAtMDsyOC03LTAtMC0wOzM4OC0xNC0wLTAtMDs0Ny0xMy0wLTAtMHww
1028,Int.8,Day,51,MXwxNDUtOS0wLTAtMDs4NS04LTAtMC0wOzM0Mi03LTAtMC0wOzExMC0xNC0wLTAtMDsyMDItMTMtMC0wLTB8MA==
1028,Int.8,Day,52,MXwzNzItOS0wLTAtMDsyMDMtOC0wLTAtMDsxMDM4LTctMC0wLTA7Mzg1LTE0LTAtMC0wOzEwNy0xMy0wLTAtMHww
1028,Int.8,Day,53,MXwyMS05LTAtMC0wOzEzMS04LTAtMC0wOzM2NS03LTAtMC0wOzI1LTE0LTAtMC0wOzIwNy0xMy0wLTAtMHww
1028,Int.8,Day,54,MXwyODAtOS0wLTAtMDsxMjAtOC0wLTAtMDsxNjEtNy0wLTAtMDsxMDAxLTE0LTAtMC0wOzIzMi0xMy0wLTAtMHww
1028,Int.8,Day,55,MXwyNDQtOS0wLTAtMDszMTAtOC0wLTAtMDsxMzMtNy0wLTAtMDsxNjMtMTQtMC0wLTA7MTEzLTEzLTAtMC0wfDA=
1028,Int.8,Day,56,MXwyMTAtOS0wLTAtMDsxMDM1LTgtMC0wLTA7MTM5LTctMC0wLTA7MTg5LTE0LTAtMC0wOzE0MC0xMy0wLTAtMHww
1028,Int.8,Day,57,MXwzNjktOS0wLTAtMDszNzUtOC0wLTAtMDszODMtNy0wLTAtMDsxMDQyLTE0LTAtMC0wOzE4Ni0xMy0wLTAtMHww
1028,Int.8,Day,58,MXwzMjUtOS0wLTAtMDszMjItOC0wLTAtMDsyNzctNy0wLTAtMDsxMzItMTQtMC0wLTA7MjMxLTEzLTAtMC0wfDA=
1028,Int.8,Day,59,MXwyNjMtOS0wLTAtMDszNjAtOC0wLTAtMDsxMjQtNy0wLTAtMDsyNjgtMTQtMC0wLTA7NTItMTMtMC0wLTB8MA==
1028,Int.8,Day,60,MXwzNS05LTAtMC0wOzExNy04LTAtMC0wOzE4Mi03LTAtMC0wOzI1Ni0xNC0wLTAtMDsyNTUtMTMtMC0wLTB8MA==
1028,Int.8,Day,61,MXwyODQtOS0wLTAtMDsyNjQtOC0wLTAtMDszMDgtNy0wLTAtMDszNjItMTQtMC0wLTA7MTExLTEzLTAtMC0wfDA=
1028,Int.8,Day,62,MXwxNDctOS0wLTAtMDsyMTctOC0wLTAtMDs0MS03LTAtMC0wOzM4LTE0LTAtMC0wOzE3NC0xMy0wLTAtMHww
1028,Int.8,Day,63,MXwxMDM3LTktMC0wLTA7MzcxLTgtMC0wLTA7Mzg5LTctMC0wLTA7MTU4LTE0LTAtMC0wOzI0MS0xMy0wLTAtMHww
1028,Int.8,Day,64,MXwzNzYtOS0wLTAtMDs0MC04LTAtMC0wOzEwMjMtNy0wLTAtMDszMTMtMTQtMC0wLTA7Mzg0LTEzLTAtMC0wfDA=
1028,Int.8,Day,65,MXw1OS05LTAtMC0wOzIyNy04LTAtMC0wOzE5MS03LTAtMC0wOzE5My0xNC0wLTAtMDsxMDItMTMtMC0wLTB8MA==
1028,Int.8,Day,66,MXwyNjctOS0wLTAtMDsyOTEtOC0wLTAtMDszMDEtNy0wLTAtMDsyODktMTQtMC0wLTA7MzI3LTEzLTAtMC0wfDA=
1028,Int.8,Day,67,MXwxMDM0LTktMC0wLTA7MzQ0LTgtMC0wLTA7MzQzLTctMC0wLTA7MzU5LTE0LTAtMC0wOzMzLTEzLTAtMC0wfDA=
1028,Int.8,Day,68,MXwxNDQtOS0wLTAtMDsyMjktOC0wLTAtMDsyNTgtNy0wLTAtMDsyNjUtMTQtMC0wLTA7MjI0LTEzLTAtMC0wfDA=
1028,Int.8,Day,69,MXwyOTgtOS0wLTAtMDsxMDMwLTgtMC0wLTA7MzUwLTctMC0wLTA7MzkwLTE0LTAtMC0wOzc0LTEzLTAtMC0wfDA=
1028,Int.8,Day,70,MXwzMS05LTAtMC0wOzI0LTgtMC0wLTA7MTUyLTctMC0wLTA7MjA5LTE0LTAtMC0wOzIzOS0xMy0wLTAtMHww
1028,Int.8,Day,71,MXwyMTgtOS0wLTAtMDsyNTktOC0wLTAtMDszMjQtNy0wLTAtMDsxMDM2LTE0LTAtMC0wOzEwOC0xMy0wLTAtMHww
1028,Int.8,Day,72,MXwxOS05LTAtMC0wOzIyNS04LTAtMC0wOzIyMy03LTAtMC0wOzE2NC0xNC0wLTAtMDsyNzktMTMtMC0wLTB8MA==
1028,Int.8,Day,73,MXwyNzgtOS0wLTAtMDsxNjktOC0wLTAtMDszNTUtNy0wLTAtMDszNzMtMTQtMC0wLTA7MzgwLTEzLTAtMC0wfDA=
1028,Int.8,Day,74,MXwxMDQzLTktMC0wLTA7MTM0LTgtMC0wLTA7MTM4LTctMC0wLTA7MTU2LTE0LTAtMC0wOzI4My0xMy0wLTAtMHww
1028,Int.8,Day,75,MXwyMy05LTAtMC0wOzM2Ny04LTAtMC0wOzE3MC03LTAtMC0wOzY4LTE0LTAtMC0wOzEwMjEtMTMtMC0wLTB8MA==
1028,Int.8,Day,76,MXwyMDgtOS0wLTAtMDsyNTQtOC0wLTAtMDszMTktNy0wLTAtMDszODYtMTQtMC0wLTA7MTQ5LTEzLTAtMC0wfDA=
1028,Int.8,Day,77,MXwzMDAtOS0wLTAtMDsxMjEtOC0wLTAtMDsyNDktNy0wLTAtMDsxMDQwLTE0LTAtMC0wOzg3LTEzLTAtMC0wfDA=
1028,Int.8,Day,78,MXw4Mi05LTAtMC0wOzg0LTgtMC0wLTA7NzktNy0wLTAtMDsxODUtMTQtMC0wLTA7MTk1LTEzLTAtMC0wfDA=
1028,Int.8,Day,79,MXwyNzEtOS0wLTAtMDsxMDI2LTgtMC0wLTA7MjQwLTctMC0wLTA7MTA0NC0xNC0wLTAtMDsxMDIyLTEzLTAtMC0wfDA=
1028,Int.8,Day,80,MXwxNTEtOS0wLTAtMDsyOTktOC0wLTAtMDszMjEtNy0wLTAtMDsyODEtMTQtMC0wLTA7MTYwLTEzLTAtMC0wfDA=
1028,Int.8,Day,81,MXwzNTMtOS0wLTAtMDsxMDQxLTgtMC0wLTA7MTkwLTctMC0wLTA7MzI2LTE0LTAtMC0wfDA=
1033,Adv.3,Day,1,MXwyMDA1MC05LTI5OC0xNjAtOTA7MjAyODItOC0zMzYtNzYtMzA1OzIwMTE0LTctMzA1LTcyLTIxMzsyMDA0Ni0xNC0yMC0xMDUtMjk3OzE4My0xMy0yMjQtMjAtMzU3fDA=
1033,Adv.3,Day,2,MXwyMDAzOS05LTMzNy0xMTEtODY7MjAwMDgtOC0xODAtMjM4LTM1MTsyMDA5Ny03LTE3OS03Mi01ODszMTYtMTQtMjAtNC05MDsyMDAxMC0xMy0xNTUtNzItMzU1fDA=
1033,Adv.3,Day,3,MXwyMDE1OS05LTI0MC04MC0zMDU7MjAwMDctOC0yMjQtNzItMTcxOzIwMjEyLTctMjI0LTcyLTMzNDszNTItMTQtNDQtODAtMzA1OzIwMjAwLTEzLTI0MS00LTkwfDA=
1033,Adv.3,Day,4,MXwzMjMtOS00NC03Ni0zMDU7MjAwNTMtOC0xNzAtNC05MDsyMDAwMS03LTEyMi03Mi00MDsyMDI1Mi0xNC0xNzgtNC05MDsyMDIyMC0xMy0yMjQtNzItNDB8MA==
1033,Adv.3,Day,5,MXwzMTctOS0yMC00LTI1OTsyMDIzMC04LTIwLTI4Ny05MDsyMDAzNy03LTIwLTEyOS05MDsyNDItMTQtMjc4LTcyLTU4OzE4OC0xMy00NC03Ni0xMnww
1033,Adv.3,Day,6,MXwyMDE1NC05LTQ0LTc2LTE3NzsyMDA5NS04LTIyMS0xNTgtOTA7MTQyLTctMzMyLTcyLTU4OzIzMy0xNC0yNjYtNzItNDA7OTYtMTMtMjI0LTcyLTIzN3ww
1033,Adv.3,Day,7,MXwxNjYtOS0yNzAtNzItNTg7NC04LTIyNC0yNzEtNTg7MjUwLTctMjI0LTcyLTU4OzIwMjAxLTE0LTI2Mi00LTkwOzEwMTctMTMtMjI0LTcyLTQwfDA=
1033,Adv.3,Day,8,MXwzNzctOS0zMTgtNC05MDsxMDE4LTgtMjI0LTcyLTE0NzsyNjYtNy0yMC00LTkwOzQ4LTE0LTIwLTIxNy05MDsxMDI0LTEzLTIwLTQtMTgzfDA=
1033,Adv.3,Day,9,MXwyMDAwNS05LTIyNC03Mi00MDszMDMtOC0yMjQtNzItNTg7MjAwNDQtNy0yMC00LTExNTsyMDA1MS0xNC0yMC0xMDQtOTA7MjAwOTEtMTMtMjI0LTcyLTU4fDA=
1033,Adv.3,Day,10,MXwyMDA0OS05LTIxMi00LTkwOzIwMDAyLTgtMjI0LTcyLTU4OzI5NC03LTY2LTcyLTQwOzIyMi0xNC0yMC0yNDctOTA7MTAwMi0xMy00NC03Ni0xMnww
1033,Adv.3,Day,11,MXwxNjItOS00NC03Ni0xMjsxOTgtOC0yMC00LTkwOzIwMDU1LTctNC0zMi05OTszNi0xNC01OS00LTkwOzk5LTEzLTIyNC03Mi01OHww
1033,Adv.3,Day,12,MXwyOTYtOS0zMzktNC05MDsyNzItOC0yMjQtNzItNTg7MTI4LTctMjAtNC05MDsyODUtMTQtMjI0LTcyLTU4OzEwMzEtMTMtMjAtNC0yNTR8MA==
1033,Adv.3,Day,13,MXwzODctOS00NC03Ni0xMjsyNTctOC0yMC00LTkwOzM1Ny03LTY2LTcyLTU4OzM1MS0xNC00NC03Ni0xMjszNjYtMTMtNDQtNzYtMTJ8MA==
1033,Adv.3,Day,14,MXwxNTctOS00NC03Ni0xMjsyMDEyMi04LTQtMzItMTkwOzIwMjkzLTctNC0zMi0yNzU7MTAyMC0xNC0yMC00LTE0ODsyMDIwNS0xMy0yNzQtMzItMjM0fDA=
1033,Adv.3,Day,15,MXwyMDA2NS05LTEwNi0zNTYtMTU5OzE1My04LTQ0LTc2LTI2NTsxMDI1LTctNDQtMTg2LTEyOzEwMDktMTQtNjYtNzItNTg7MzAyLTEzLTQ0LTIxNi0xMnww
1033,Adv.3,Day,16,MXwxMjYtOS0xOTgtNzItNTg7MzcwLTgtNjYtNzItNDA7MjQ4LTctMjQ2LTcyLTQwOzExLTE0LTI5MS03Mi01ODszMzEtMTMtNjYtNzItNTh8MA==
1033,Adv.3,Day,17,MXwyMDEyNS05LTIzOS0xMzItNjg7Mzc5LTgtNjYtNzItNTg7MzU4LTctNjYtNzItNTg7MTQtMTQtNjYtMTk1LTQwOzM1NC0xMy02Ni03Mi00MHww
1033,Adv.3,Day,18,MXwyMDA1Ny05LTEwMC0zMzgtNjA7MTY4LTgtNjYtNzItNTg7MTk3LTctMjAtNC0wOzIwMjI4LTE0LTQwLTMzNS0xNjg7MjAwNTYtMTMtNC0xMjYtMzJ8MA==
1033,Adv.3,Day,19,MXwzLTktMTY0LTcyLTQwOzYtOC02Ni03Mi00MDszNDgtNy0yMC00LTA7MjAyMTYtMTQtMjczLTMyLTIzNDs0My0xMy0yNDItNC0wfDA=
1033,Adv.3,Day,20,MXwyMDA4OC05LTIyOS0yODUtMTA3OzE0OC04LTIwLTQtMDszNC03LTIwLTI3OS0zMTE7MjQ3LTE0LTIwLTQtMDsyMDExNS0xMy0xOTctMjg2LTY2fDA=
1033,Adv.3,Day,21,MXwyNzAtOS0yMTEtNC0wOzEyLTgtNjYtNzItNDA7MzgxLTctMjAtNC0wOzEzLTE0LTY2LTcyLTQwOzIxMS0xMy0yMC00LTB8MA==
1033,Adv.3,Day,22,MXwyMzUtOS0yMC00LTMxMTszMDUtOC0yMC00LTA7MjEzLTctMjM0LTIwLTEyOzMzNy0xNC0yMC00LTA7MjAxMDEtMTMtOTItMzU5LTE1Nnww
1033,Adv.3,Day,23,MXwyMDAyNi05LTYyLTM0OC0xNTc7MjAxMDMtOC05Mi0zNTgtMTI1OzE4NC03LTIwLTQtMDsyMDA2MC0xNC04LTEzNS0yMzQ7NTQtMTMtMzItNDQtOTF8MA==
1033,Adv.3,Day,24,MXwyMDEwNC05LTI2MC03Mi0xMjsyMDE0My04LTE5Mi03Mi0xMjsxMTgtNy00LTMyLTI0ODsyMDA2NC0xNC04LTMyLTIzNDsyMDA3NS0xMy0zNDAtMTEyLTYxfDA=
1033,Adv.3,Day,25,MXwyMDE3MS05LTEyLTMyLTIzNDsyMDAzMi04LTIzNC03Mi0xMzQ7NjItNy00LTMyLTEyNzsyMDYtMTQtOC0zMi0yMzQ7Mzc4LTEzLTEyLTMxNy0yMzR8MA==
1033,Adv.3,Day,26,MXw0Mi05LTIwLTQtMzExOzczLTgtMjk1LTMyLTIzNDsyMDA4MS03LTIyOS0xMzEtNjg7MjAwNzEtMTQtMTItMzItMjM0OzEwNi0xMy0xMi0zMi0yMzR8MA==
1033,Adv.3,Day,27,MXwxNzMtOS0yMjktMzE2LTY4OzMwNi04LTEyLTMyLTIzNDsyMDA2My03LTEyLTMyLTIzNDsxMTktMTQtOC0zMi0yMzQ7MTAzMi0xMy0xMi0zMi0yNTV8MA==
1033,Adv.3,Day,28,MXwxMDI3LTktNC0xMTAtMTg0OzIwMTM2LTgtMjM0LTcyLTEyOzM1Ni03LTgtMTEwLTIzNDszNjEtMTQtMTItMTEwLTIzNDsxNzItMTMtMTY5LTExMC0yMzR8MA==
1033,Adv.3,Day,29,MXw3Mi05LTQtMTEwLTE2NTsyMDE5OS04LTIyOS0xMi02ODsyNjAtNy02Ni03Mi0wOzM3NC0xNC0yMjktMTItNjg7MTM1LTEzLTQwLTcyLTI0OXww
1033,Adv.3,Day,30,MXwyMDA5NC05LTIxOC0zNDMtMTAzOzEyNy04LTQwLTE4Mi0xMjszMDctNy0zMjEtMTItNjg7MTAxOS0xNC00MC0xNDYtMTIwOzI0NS0xMy00MC03Mi0yNzd8MA==
1033,Adv.3,Day,31,MXwyMC05LTEyMS03Mi04OzEwMjgtOC0yMDEtNzItODsyNjEtNy0yMC0zMDAtMDsyMTQtMTQtMTA5LTMxOS0zMDk7MTYtMTMtMjM2LTcyLTh8MA==
1033,Adv.3,Day,32,MXwxMDI5LTktMTA5LTIwMy0zMDk7MjE1LTgtMTc1LTAtMzA5OzMyOS03LTIwLTEwOS0wOzE2NS0xNC00NC04MC0wOzE5NC0xMy0zMDQtMC0zMDl8MA==
1033,Adv.3,Day,33,MXwyNDMtOS0yODItMC0zMDk7MjY5LTgtNjYtNzItMDsxNTUtNy00NC04MC0wOzIzNC0xNC0zMDktNzItODsxNDYtMTMtMjAtNjYtMHww
1033,Adv.3,Day,34,MXwxMjktOS0xNjEtMC0zMDk7MzQ2LTgtNjYtNzItMDszMTEtNy0zMDktNzItODszMTUtMTQtMzA5LTcyLTg7MzM4LTEzLTY2LTAtMzA5fDA=
1033,Adv.3,Day,35,MXwyNy05LTMwOS0xODEtODsxMDUtOC02Ni0xNzMtMzA5OzIwNC03LTIwLTY2LTA7MzE4LTE0LTY2LTAtMzA5OzI5MC0xMy02Ni0wLTMwOXww
1033,Adv.3,Day,36,MXwzNjMtOS0zMDktNzItODszMDktOC02Ni03Mi0wOzIzNi03LTY2LTAtMzA5OzMwNC0xNC0zMDktNzItODszMzYtMTMtMzA5LTcyLTh8MA==
1033,Adv.3,Day,37,MXwzNDAtOS04LTAtMzA5OzE4MS04LTgtMC0zMDk7Mjg2LTctMzA5LTcyLTg7Mjg3LTE0LTgtMC0zMDk7MTg3LTEzLTI4OC0wLTMwOXww
1033,Adv.3,Day,38,MXwyODgtOS04LTAtMzA5OzEzNy04LTAtNzItODsxMDMzLTctMjAtMjUyLTY4OzE1MC0xNC0wLTk1LTg7MTgtMTMtMC05NS0xNjN8MA==
1033,Adv.3,Day,39,MXw4MC05LTUwLTIyMC02ODsyMi04LTAtOTUtODsyNTMtNy0yMjctOC02ODs4Ni0xNC0yMjctMjkwLTY4OzM0NS0xMy0yMjctMC02OHww
1033,Adv.3,Day,40,MXwyOTUtOS0zNjctOTUtMDsyOTItOC0yMjctMC02ODsyNzYtNy0yMjctMC02ODsxMTItMTQtMjI3LTAtNjg7MzM5LTEzLTIyNy0wLTY4fDA=
1033,Adv.3,Day,41,MXwyMzgtOS0yMjctMC02ODsxMDktOC0yMjctMC02ODsyNzUtNy0yMjctMC02ODs3Ny0xNC0yMjctMC0zMTQ7MTc1LTEzLTE2LTAtMHww
1033,Adv.3,Day,42,MXwxMzAtOS0xNjEtMC0wOzk4LTgtMC0wLTA7MTc3LTctMC0yMjUtMDszMjgtMTQtMC0yMjUtMDszNjQtMTMtMC0yMjUtMHww
1033,Adv.3,Day,43,MXwxOTYtOS0xNi0wLTA7MjktOC0wLTIyNS0wOzE1LTctMC0wLTA7NzAtMTQtMTYtMC0wOzEwMC0xMy0wLTAtMHww
1033,Adv.3,Day,44,MXwxNjEtOS0wLTAtMDs5LTgtMC0wLTA7MTIzLTctMC0wLTA7OTAtMTQtMC0wLTA7MTYzLTEzLTAtMC0wfDA=
1033,Adv.3,Day,45,MXwxOTItOS0wLTAtMDsxODktOC0wLTAtMDszMjUtNy0wLTAtMDs3OC0xNC0yMjctMC0wOzg5LTEzLTIyNy0wLTB8MA==
1033,Adv.3,Day,46,MXwxNzktOS0wLTAtMDszMjAtOC0wLTAtMDsxODAtNy0wLTAtMDsxNjctMTQtMC0wLTA7NjktMTMtMC0wLTB8MA==
1033,Adv.3,Day,47,MXwzNDEtOS0wLTAtMDsyNzQtOC0wLTAtMDsxMDM5LTctMC0wLTA7MjUxLTE0LTAtMC0wOzMzMy0xMy0wLTAtMHww
1033,Adv.3,Day,48,MXwxNzYtOS0wLTAtMDszNDctOC0wLTAtMDs5Mi03LTAtMC0wOzE3OC0xNC0wLTAtMDsyMjktMTMtMC0wLTB8MA==
1033,Adv.3,Day,49,MXwxMDEwLTktMC0wLTA7MTU4LTgtMC0wLTA7NjYtNy0wLTAtMDsyMjEtMTQtMC0wLTA7MzM1LTEzLTAtMC0wfDA=
1033,Adv.3,Day,50,MXwxNy05LTAtMC0wOzMzMi04LTAtMC0wOzEwMzQtNy0wLTAtMDs5My0xNC0wLTAtMDsxNDEtMTMtMC0wLTB8MA==
1033,Adv.3,Day,51,MXwzNTAtOS0wLTAtMDszMjQtOC0wLTAtMDsxNTItNy0wLTAtMDsxNjQtMTQtMC0wLTA7Mjc4LTEzLTAtMC0wfDA=
1033,Adv.3,Day,52,MXwxNTYtOS0wLTAtMDsyODMtOC0wLTAtMDszNjctNy0wLTAtMDszMzQtMTQtMC0wLTA7MzEyLTEzLTAtMC0wfDA=
1033,Adv.3,Day,53,MXwyMjYtOS0wLTAtMDsyNzMtOC0wLTAtMDsyOC03LTAtMC0wOzM4OC0xNC0wLTAtMDs0Ny0xMy0wLTAtMHww
1033,Adv.3,Day,54,MXwxNDUtOS0wLTAtMDs4NS04LTAtMC0wOzM0Mi03LTAtMC0wOzExMC0xNC0wLTAtMDszNzItMTMtMC0wLTB8MA==
1033,Adv.3,Day,55,MXwyMDMtOS0wLTAtMDsxMDM4LTgtMC0wLTA7Mzg1LTctMC0wLTA7MTA3LTE0LTAtMC0wOzIxLTEzLTAtMC0wfDA=
1033,Adv.3,Day,56,MXwxMzEtOS0wLTAtMDszNjUtOC0wLTAtMDsyNS03LTAtMC0wOzIwNy0xNC0wLTAtMDsyODAtMTMtMC0wLTB8MA==
1033,Adv.3,Day,57,MXwxMjAtOS0wLTAtMDsxMDAxLTgtMC0wLTA7MjAyLTctMC0wLTA7MjQ0LTE0LTAtMC0wOzMxMC0xMy0wLTAtMHww
1033,Adv.3,Day,58,MXwxMzMtOS0wLTAtMDsxMTMtOC0wLTAtMDsyMTAtNy0wLTAtMDsxMDM1LTE0LTAtMC0wOzEzOS0xMy0wLTAtMHww
1033,Adv.3,Day,59,MXwxNDAtOS0wLTAtMDszNjktOC0wLTAtMDszNzUtNy0wLTAtMDszODMtMTQtMC0wLTA7MTA0Mi0xMy0wLTAtMHww
1033,Adv.3,Day,60,MXwxODYtOS0wLTAtMDszNTMtOC0wLTAtMDszMjItNy0wLTAtMDsxMDIyLTE0LTAtMC0wOzIzMi0xMy0wLTAtMHww
1033,Adv.3,Day,61,MXwyNzctOS0wLTAtMDsxMzItOC0wLTAtMDsxNTEtNy0wLTAtMDsxNjAtMTQtMC0wLTA7Mjk5LTEzLTAtMC0wfDA=
1033,Adv.3,Day,62,MXwyODEtOS0wLTAtMDsxMDQxLTgtMC0wLTA7MzI2LTctMC0wLTA7MzIxLTE0LTAtMC0wOzE5MC0xMy0wLTAtMHww
1033,Adv.3,Day,63,MXwyMzEtOS0wLTAtMDsyNjMtOC0wLTAtMDszNjAtNy0wLTAtMDsxMjQtMTQtMC0wLTA7MjY4LTEzLTAtMC0wfDA=
1033,Adv.3,Day,64,MXw1Mi05LTAtMC0wOzM1LTgtMC0wLTA7MTE3LTctMC0wLTA7MTgyLTE0LTAtMC0wOzI1Ni0xMy0wLTAtMHww
1033,Adv.3,Day,65,MXwyNTUtOS0wLTAtMDsyODQtOC0wLTAtMDsyNjQtNy0wLTAtMDszMDgtMTQtMC0wLTA7MzYyLTEzLTAtMC0wfDA=
1033,Adv.3,Day,66,MXwxMTEtOS0wLTAtMDsxNDctOC0wLTAtMDsyMTctNy0wLTAtMDs0MS0xNC0wLTAtMDszOC0xMy0wLTAtMHww
1033,Adv.3,Day,67,MXwxNzQtOS0wLTAtMDsxMDM3LTgtMC0wLTA7MzcxLTctMC0wLTA7Mzg5LTE0LTAtMC0wOzI0MS0xMy0wLTAtMHww
1033,Adv.3,Day,68,MXwzNzYtOS0wLTAtMDs0MC04LTAtMC0wOzEwMjMtNy0wLTAtMDszMTMtMTQtMC0wLTA7Mzg0LTEzLTAtMC0wfDA=
1033,Adv.3,Day,69,MXw1OS05LTAtMC0wOzIyNy04LTAtMC0wOzE5MS03LTAtMC0wOzE5My0xNC0wLTAtMDsxMDItMTMtMC0wLTB8MA==
1033,Adv.3,Day,70,MXwyNjctOS0wLTAtMDsyOTEtOC0wLTAtMDszMDEtNy0wLTAtMDsyODktMTQtMC0wLTA7MzI3LTEzLTAtMC0wfDA=
1033,Adv.3,Day,71,MXwzNDQtOS0wLTAtMDszNDMtOC0wLTAtMDszNTktNy0wLTAtMDszMy0xNC0wLTAtMDsxNDQtMTMtMC0wLTB8MA==
1033,Adv.3,Day,72,MXwyNTgtOS0wLTAtMDsyNjUtOC0wLTAtMDsyMjQtNy0wLTAtMDsyOTgtMTQtMC0wLTA7MTAzMC0xMy0wLTAtMHww
1033,Adv.3,Day,73,MXwzOTAtOS0wLTAtMDs3NC04LTAtMC0wOzMxLTctMC0wLTA7MjQtMTQtMC0wLTA7MjA5LTEzLTAtMC0wfDA=
1033,Adv.3,Day,74,MXwyMzktOS0wLTAtMDsyMTgtOC0wLTAtMDsyNTktNy0wLTAtMDsxMDM2LTE0LTAtMC0wOzEwOC0xMy0wLTAtMHww
1033,Adv.3,Day,75,MXwxOS05LTAtMC0wOzIyNS04LTAtMC0wOzIyMy03LTAtMC0wOzI3OS0xNC0wLTAtMDsxNjktMTMtMC0wLTB8MA==
1033,Adv.3,Day,76,MXwzNTUtOS0wLTAtMDszNzMtOC0wLTAtMDszODAtNy0wLTAtMDsxMDQzLTE0LTAtMC0wOzEzNC0xMy0wLTAtMHww
1033,Adv.3,Day,77,MXwxMzgtOS0wLTAtMDsyMy04LTAtMC0wOzE3MC03LTAtMC0wOzY4LTE0LTAtMC0wOzEwMjEtMTMtMC0wLTB8MA==
1033,Adv.3,Day,78,MXwyMDgtOS0wLTAtMDsyNTQtOC0wLTAtMDszMTktNy0wLTAtMDszODYtMTQtMC0wLTA7MTQ5LTEzLTAtMC0wfDA=
1033,Adv.3,Day,79,MXwzMDAtOS0wLTAtMDsxMjEtOC0wLTAtMDsyNDktNy0wLTAtMDsxMDQwLTE0LTAtMC0wOzg3LTEzLTAtMC0wfDA=
1033,Adv.3,Day,80,MXw4Mi05LTAtMC0wOzg0LTgtMC0wLTA7NzktNy0wLTAtMDsxODUtMTQtMC0wLTA7MTk1LTEzLTAtMC0wfDA=
1033,Adv.3,Day,81,MXwyNzEtOS0wLTAtMDsxMDI2LTgtMC0wLTA7MjQwLTctMC0wLTA7MTA0NC0xNC0wLTAtMHww
1036,Adv.6,Night,1,MXwyMDA1NS05LTE2LTMyLTk5OzIwMjA1LTgtMTYtMzItMjM0OzIwMjkzLTctMTYtMzItMjM0OzIwMDY1LTE0LTE2LTM1Ni0xNTk7MjAxMjItMTMtMTYtMzItMTkwfDA=
1036,Adv.6,Night,2,MXwyMDIyOC05LTQwLTMzNS0xNjg7MjAxMTUtOC0xOTctMjg2LTE2OzIwMDU2LTctMTYtMTI2LTMyOzM1Ni0xNC0xNi0zMi0yMzQ7MjAyMTYtMTMtMTYtMzItMjM0fDA=
1036,Adv.6,Night,3,MXwyMDA2MC05LTE2LTEzNS0yMzQ7MjAwNjQtOC0xNi0zMi0yMzQ7MjAxNDMtNy0xOTItNzItMTY7MjAxMDMtMTQtOTItMzU4LTE2OzIwMDU3LTEzLTE2LTMzOC02MHww
1036,Adv.6,Night,4,MXwyMDEwNC05LTI2MC03Mi0xNjsyMDE3MS04LTE2LTMyLTIzNDsyMDYtNy0xNi0zMi0yMzQ7Mzc4LTE0LTE2LTMxNy0yMzQ7MjAwMjYtMTMtNjItMzQ4LTE2fDA=
1036,Adv.6,Night,5,MXw3My05LTE2LTMyLTIzNDsyMDA3MS04LTE2LTMyLTIzNDsyMDEwMS03LTkyLTM1OS0xNjs2Mi0xNC0xNi0zMi0xMjc7MTE4LTEzLTE2LTMyLTI0OHww
1036,Adv.6,Night,6,MXwyMDA2My05LTE2LTMyLTIzNDsyMTMtOC0zNTAtMjAtNDk7MTE5LTctNDktMzItMjM0OzM2My0xNC00MC0yMjUtMzA1OzU0LTEzLTMyLTQ0LTkxfDA=
1036,Adv.6,Night,7,MXwyMDEzNi05LTQwLTIyNS0zMDU7MjAwMzItOC00MC0yMjUtMzA1OzIwMDk0LTctNDAtMzQzLTEwMzsxNi0xNC0yMzYtMjI1LTMwNTsxMDE5LTEzLTQwLTE0Ni0zMDV8MA==
1036,Adv.6,Night,8,MXwyNDUtOS00MC03Mi0yNzc7MTM1LTgtNDAtNzItMjQ5OzEyNy03LTQwLTE4Mi02NjsyMC0xNC00MC03Mi02NjsxMDI4LTEzLTQwLTcyLTY2fDA=
1036,Adv.6,Night,9,MXwzMTEtOS00MC03Mi02NjsyMzQtOC00MC03Mi02NjszMTUtNy00MC03Mi02NjsyNy0xNC00MC0xODEtNjY7MzM2LTEzLTQwLTcyLTY2fDA=
1036,Adv.6,Night,10,MXwyMDI4Mi05LTMzNi03Ni0xMjsyMDExNC04LTY2LTcyLTIxMzsxMzctNy00MC03Mi02NjsyODYtMTQtNDAtNzItNjY7MTgtMTMtNDAtNzItMTYzfDA=
1036,Adv.6,Night,11,MXwzMDQtOS0xMjEtNzItNjY7MjAwMDgtOC0xODAtMjM4LTM1MTsyMDE1OS03LTI0MC03Ni0xMjsxMDI3LTE0LTEyLTMyLTE4NDsyMDAxMC0xMy0xNTUtMjg0LTM1NXww
1036,Adv.6,Night,12,MXwzMDYtOS0xMi0zMi0yMzQ7OTktOC0yNjktNzItNTg7MTAzMi03LTEyLTExMC0yNTU7MTA2LTE0LTEyLTExMC0yMzQ7MzIzLTEzLTQ0LTc2LTEyfDA=
1036,Adv.6,Night,13,MXwyMDA5Ny05LTE3OS03Mi01ODsyMDIxMi04LTY2LTcyLTMzNDsxNTAtNy01OC03Mi02NjszMzgtMTQtMTItMTEwLTIzNDsxODgtMTMtNDQtNzYtMTJ8MA==
1036,Adv.6,Night,14,MXwyMi05LTU4LTcyLTY2OzMxOC04LTEyLTExMC0yMzQ7MzYxLTctMTItMTEwLTIzNDsyMTQtMTQtMTItMzE5LTIzNDsyMDAwNy0xMy0xMzMtMzQyLTE3MXww
1036,Adv.6,Night,15,MXwyMDE1NC05LTQ0LTc2LTE3NzsxODMtOC0yMjQtMjAtMzU3OzEwMjktNy0xMi0yMDMtNTg7MjAwMDEtMTQtMTIyLTcyLTU4OzEwMDktMTMtMTE3LTcyLTU4fDA=
1036,Adv.6,Night,16,MXwyMDIyMC05LTIyNC03Mi01ODsxMDE3LTgtMTM3LTEzOS01ODsyNDMtNy02Ni0wLTU4OzIzNi0xNC02Ni0wLTU4OzIxNS0xMy0xNzUtMC01OHww
1036,Adv.6,Night,17,MXwxMDAyLTktNDQtNzYtMTI7MjQyLTgtMjc4LTcyLTU4OzEwMTgtNy02Ni03Mi0xNDc7MTcyLTE0LTY2LTAtNTg7MjkwLTEzLTY2LTAtNTh8MA==
1036,Adv.6,Night,18,MXwxNjItOS00NC03Ni0xMjsxOTQtOC0zMDQtMC01ODsyMDAwNS03LTY2LTcyLTU4OzE4MS0xNC02Ni0wLTU4OzIzMy0xMy0yNjYtNzItNTh8MA==
1036,Adv.6,Night,19,MXwzNDAtOS02Ni0wLTU4OzcyLTgtMTItMC0xNjU7Mzg3LTctNDQtNzYtMTI7OTYtMTQtNjYtNzItMjM3OzM1Mi0xMy00NC03Ni0xMnww
1036,Adv.6,Night,20,MXwzNTEtOS00NC03Ni0xMjsxNTctOC00NC03Ni0xMjszNjYtNy00NC04MC0xMjsxNDItMTQtMzMyLTcyLTA7MTAyNS0xMy00NC0xODYtMTJ8MA==
1036,Adv.6,Night,21,MXwxNTMtOS00NC04MC0yNjU7MTA1LTgtNjYtMTczLTMwOTszMDItNy00NC0yMTYtMTI7MTI5LTE0LTE2MS0wLTMwOTszMDMtMTMtMjI0LTcyLTB8MA==
1036,Adv.6,Night,22,MXwyODctOS0xMi0wLTMwOTsyNTAtOC0yMjQtNzItMDs0LTctMjI0LTI3MS0wOzIwMDAyLTE0LTIyNC03Mi0wOzIwMDkxLTEzLTIyNC03Mi0wfDA=
1036,Adv.6,Night,23,MXwyOTUtOS0zNjctNzItMDsyOTQtOC0yMjQtNzItMDsxODctNy0yODgtMC0zMDk7MzMwLTE0LTEyLTAtMzA5OzI2Mi0xMy0xMjAtMC0zMDl8MA==
1036,Adv.6,Night,24,MXwyODgtOS00LTAtMzA5OzM0OS04LTQtMC0zMDk7MzgyLTctOC0wLTMwOTsxNjYtMTQtMjcwLTcyLTA7MzMxLTEzLTIyNC03Mi0wfDA=
1036,Adv.6,Night,25,MXw2MS05LTQtMC0zMDk7Mjk3LTgtNC0wLTMwOTsyMzctNy00LTAtMzA5OzM1Ny0xNC0yMjQtNzItMDsyODUtMTMtMjI0LTcyLTB8MA==
1036,Adv.6,Night,26,MXwzNjQtOS0zMDktNzItMDsyNzItOC0yMjQtNzItMDszNzAtNy0yMjQtNzItMDsyNDgtMTQtMjQ2LTcyLTA7MjAxMjUtMTMtMjM5LTEzMi02OHww
1036,Adv.6,Night,27,MXwzNzktOS0yMjQtNzItMDszNTQtOC0yMjQtNzItMDszNTgtNy0yMjQtNzItMDszMTQtMTQtOC0wLTMwOTsxMjYtMTMtMTk4LTcyLTB8MA==
1036,Adv.6,Night,28,MXwxMS05LTI5MS03Mi0wOzU4LTgtNC0wLTMwOTszLTctMTY0LTcyLTA7MTc3LTE0LTMwOS03Mi0wOzMyOC0xMy0zMDktNzItMHww
1036,Adv.6,Night,29,MXwyOS05LTMwOS03Mi0wOzM1NS04LTMwOS03Mi0wOzE3NS03LTgtMC0wOzIzLTE0LTMwOS03Mi0wOzExNi0xMy0zMDktNzItMHww
1036,Adv.6,Night,30,MXwyMDA3NS05LTM0MC0xMTItNjE7MjAwODEtOC0yMjktMTMxLTY4OzE2NS03LTQ0LTgwLTA7MTczLTE0LTIyOS0zMTYtNjg7MTk2LTEzLTgtMC0wfDA=
1036,Adv.6,Night,31,MXwxNTUtOS00NC04MC0wOzIwMDg4LTgtMjI5LTgtMTA3OzEzMC03LTgtMC0wOzIwMTk5LTE0LTIyOS00LTMxNDszNzQtMTMtMjI5LTQtMzE0fDA=
1036,Adv.6,Night,32,MXw3MC05LTgtMC0wOzIwMDUwLTgtMjk4LTE2MC05MDszMDctNy0zMjEtOC02ODsyMDA0Ni0xNC0yMC0xMDUtMjk3OzIwMDM5LTEzLTMzNy0xMTEtODZ8MA==
1036,Adv.6,Night,33,MXwyNjAtOS0wLTcyLTA7MzQ2LTgtMC03Mi0wOzI2OS03LTAtNzItMDszMDktMTQtMC03Mi0wOzIwMjAwLTEzLTI0MS00LTkwfDA=
1036,Adv.6,Night,34,MXwyMDA1My05LTE3MC00LTkwOzIwMjUyLTgtMTc4LTQtOTA7MjUxLTctMC0wLTA7MjUzLTE0LTIwLTgtMzE0OzM0Ny0xMy0wLTAtMHww
1036,Adv.6,Night,35,MXwxMDktOS0yMC04LTMxNDsyMDIzMC04LTIwLTI4Ny05MDsyMDAzNy03LTIwLTEyOS05MDsxMDMzLTE0LTIwLTI1Mi0zMTQ7MzQ1LTEzLTIwLTgtMzE0fDA=
1036,Adv.6,Night,36,MXwxMTItOS0yMC00LTMxNDsyNzYtOC0yMC04LTMxNDsyMzgtNy0yMC00LTMxNDsyOTItMTQtMjAtNC0zMTQ7MjAwOTUtMTMtMjIxLTE1OC05MHww
1036,Adv.6,Night,37,MXwyMDIwMS05LTI2Mi00LTkwOzI2Ni04LTIwLTQtOTA7MjAwNDktNy0yMTItNC05MDszMzktMTQtMjAtOC02ODs4MC0xMy0yMC0yMjAtNjh8MA==
1036,Adv.6,Night,38,MXwyMDA1MS05LTIwLTEwNC05MDszNDEtOC0wLTAtMDszNzctNy0zMTgtNC05MDsyMDA0NC0xNC0yMC00LTExNTszMTYtMTMtMjAtNC05MHww
1036,Adv.6,Night,39,MXw3Ny05LTIwLTgtNjg7NDgtOC0yMC0yMTctOTA7MTAyNC03LTIwLTQtMTgzOzE5OC0xNC0yMC00LTkwOzMzMy0xMy0wLTAtMHww
1036,Adv.6,Night,40,MXwyNzUtOS0yMC04LTY4OzIyMi04LTIwLTI0Ny05MDsyNTctNy0yMC00LTkwOzEyOC0xNC0yMC00LTkwOzg2LTEzLTIwLTI5MC02OHww
1036,Adv.6,Night,41,MXwxNzgtOS0wLTAtMDsxOTctOC0yMC00LTkwOzI5Ni03LTMzOS00LTkwOzkyLTE0LTAtMC0wOzEwMjAtMTMtMjAtNC0xNDh8MA==
1036,Adv.6,Night,42,MXwxMDMxLTktMjAtNC0yNTQ7MTc2LTgtMC0wLTA7MzYtNy01OS00LTMxMTszMTctMTQtMjAtNC0yNTk7MTctMTMtMC0wLTB8MA==
1036,Adv.6,Night,43,MXwzMzctOS0yMC00LTA7MzQ4LTgtMjAtNC0wOzY5LTctMC0wLTA7OTMtMTQtMC0wLTA7MTQ4LTEzLTIwLTQtMHww
1036,Adv.6,Night,44,MXwyNzQtOS0wLTAtMDs5OC04LTAtMC0wOzQzLTctMjQyLTQtMDsyNzAtMTQtMjExLTQtMDsyMTEtMTMtNTAtNC0wfDA=
1036,Adv.6,Night,45,MXwyNDctOS0yMjctNC0wOzE4NC04LTIyNy00LTA7MTAzOS03LTAtMC0wOzMwNS0xNC0yMjctNC0wOzM4MS0xMy0yMjctMTA5LTB8MA==
1036,Adv.6,Night,46,MXwyMzUtOS0yMjctMTA5LTMxMTs2Ni04LTAtMC0wOzQyLTctMjI3LTEwOS0zMTE7MzQtMTQtMjI3LTI3OS0zMTE7MzM1LTEzLTAtMC0wfDA=
1036,Adv.6,Night,47,MXwxNS05LTAtMC0wOzE2MS04LTAtMC0wOzI4LTctMC0wLTA7MTYzLTE0LTAtMC0wOzE4OS0xMy0wLTAtMHww
1036,Adv.6,Night,48,MXw5LTktMC0wLTA7MzI1LTgtMC0wLTA7NzgtNy0yMjctOC0wOzEwMC0xNC0wLTAtMDs5MC0xMy0wLTAtMHww
1036,Adv.6,Night,49,MXwxMjMtOS0wLTAtMDs4OS04LTIyNy04LTA7MjYxLTctMjI3LTMwMC0wOzE0Ni0xNC0yMjctOC0wOzIwMy0xMy0wLTAtMHww
1036,Adv.6,Night,50,MXwzMjktOS0yMjctOC0wOzIxLTgtMC0wLTA7MzQyLTctMC0wLTA7MTMxLTE0LTAtMC0wOzI1LTEzLTAtMC0wfDA=
1036,Adv.6,Night,51,MXwyODAtOS0wLTAtMDsyMDQtOC0yMjctOC0wOzEyMC03LTAtMC0wOzM4NS0xNC0wLTAtMDsxNjctMTMtMC0wLTB8MA==
1036,Adv.6,Night,52,MXwzNzItOS0wLTAtMDsxMDctOC0wLTAtMDszNjUtNy0wLTAtMDsxMDM4LTE0LTAtMC0wOzIwNy0xMy0wLTAtMHww
1036,Adv.6,Night,53,MXwxNTgtOS0wLTAtMDsxMDEwLTgtMC0wLTA7MjIxLTctMC0wLTA7MTAzNC0xNC0wLTAtMDsxMzMtMTMtMC0wLTB8MA==
1036,Adv.6,Night,54,MXwyMjktOS0wLTAtMDszNTAtOC0wLTAtMDszMzItNy0wLTAtMDsxNTItMTQtMC0wLTA7MzI0LTEzLTAtMC0wfDA=
1036,Adv.6,Night,55,MXwxNjQtOS0wLTAtMDsyNzgtOC0wLTAtMDsxNDEtNy0wLTAtMDsxNTYtMTQtMC0wLTA7MjgzLTEzLTAtMC0wfDA=
1036,Adv.6,Night,56,MXwzNjctOS0wLTAtMDs4NS04LTAtMC0wOzM3Ni03LTAtMC0wOzExMC0xNC0wLTAtMDsxMDIzLTEzLTAtMC0wfDA=
1036,Adv.6,Night,57,MXwzODQtOS0wLTAtMDsxOTEtOC0wLTAtMDsxMDItNy0wLTAtMDs1OS0xNC0wLTAtMDszMDEtMTMtMC0wLTB8MA==
1036,Adv.6,Night,58,MXwzMjctOS0wLTAtMDsxOTItOC0wLTAtMDsyNjctNy0wLTAtMDsxMDMwLTE0LTAtMC0wOzM1OS0xMy0wLTAtMHww
1036,Adv.6,Night,59,MXwxNDQtOS0wLTAtMDsyMjQtOC0wLTAtMDsyOTEtNy0wLTAtMDszMy0xNC0wLTAtMDszMTMtMTMtMC0wLTB8MA==
1036,Adv.6,Night,60,MXwyMDktOS0wLTAtMDsxMDM2LTgtMC0wLTA7MzEtNy0wLTAtMDsyNC0xNC0wLTAtMDsyMjUtMTMtMC0wLTB8MA==
1036,Adv.6,Night,61,MXwyMTgtOS0wLTAtMDsyNTktOC0wLTAtMDsxOTMtNy0wLTAtMDsyMjctMTQtMC0wLTA7MzQzLTEzLTAtMC0wfDA=
1036,Adv.6,Night,62,MXwzODAtOS0wLTAtMDsxOS04LTAtMC0wOzM0NC03LTAtMC0wOzI1OC0xNC0wLTAtMDsxNjktMTMtMC0wLTB8MA==
1036,Adv.6,Night,63,MXw3NC05LTAtMC0wOzI2NS04LTAtMC0wOzI5OC03LTAtMC0wOzI4OS0xNC0wLTAtMDszOTAtMTMtMC0wLTB8MA==
1036,Adv.6,Night,64,MXwxNzktOS0wLTAtMDsxMDQzLTgtMC0wLTA7MTA4LTctMC0wLTA7MTM4LTE0LTAtMC0wOzIzOS0xMy0wLTAtMHww
1036,Adv.6,Night,65,MXwzMjAtOS0wLTAtMDsxODAtOC0wLTAtMDsyMDItNy0wLTAtMDsyMjMtMTQtMC0wLTA7Mjc5LTEzLTAtMC0wfDA=
1036,Adv.6,Night,66,MXwzNzMtOS0wLTAtMDsxNzAtOC0wLTAtMDsxMzQtNy0wLTAtMDsyNDQtMTQtMC0wLTA7MTAwMS0xMy0wLTAtMHww
1036,Adv.6,Night,67,MXwzMTAtOS0wLTAtMDsxMDM1LTgtMC0wLTA7MjEwLTctMC0wLTA7MTEzLTE0LTAtMC0wOzY4LTEzLTAtMC0wfDA=
1036,Adv.6,Night,68,MXwxMzktOS0wLTAtMDsxMDIyLTgtMC0wLTA7MTQwLTctMC0wLTA7MzY5LTE0LTAtMC0wOzM4My0xMy0wLTAtMHww
1036,Adv.6,Night,69,MXwxMDQyLTktMC0wLTA7MTUxLTgtMC0wLTA7MTg2LTctMC0wLTA7Mzc1LTE0LTAtMC0wOzI5OS0xMy0wLTAtMHww
1036,Adv.6,Night,70,MXwyNjMtOS0wLTAtMDszMjItOC0wLTAtMDsxNjAtNy0wLTAtMDsxNjgtMTQtMC0wLTA7MjMyLTEzLTAtMC0wfDA=
1036,Adv.6,Night,71,MXwyNzctOS0wLTAtMDsyNjQtOC0wLTAtMDsyODEtNy0wLTAtMDszMjYtMTQtMC0wLTA7MTExLTEzLTAtMC0wfDA=
1036,Adv.6,Night,72,MXwxMzItOS0wLTAtMDszNjItOC0wLTAtMDszNTMtNy0wLTAtMDsxMDQxLTE0LTAtMC0wOzE5MC0xMy0wLTAtMHww
1036,Adv.6,Night,73,MXwzMjEtOS0wLTAtMDszMzQtOC0wLTAtMDszMTItNy0wLTAtMDsyMjYtMTQtMC0wLTA7MjczLTEzLTAtMC0wfDA=
1036,Adv.6,Night,74,MXwzODgtOS0wLTAtMDs0Ny04LTAtMC0wOzE0NS03LTAtMC0wOzEwMjEtMTQtMC0wLTA7MjA4LTEzLTAtMC0wfDA=
1036,Adv.6,Night,75,MXwyNTQtOS0wLTAtMDszODYtOC0wLTAtMDsxODUtNy0wLTAtMDsxNDktMTQtMC0wLTA7MzAwLTEzLTAtMC0wfDA=
1036,Adv.6,Night,76,MXwxMjEtOS0wLTAtMDszMTktOC0wLTAtMDsxMDQwLTctMC0wLTA7ODctMTQtMC0wLTA7ODItMTMtMC0wLTB8MA==
1036,Adv.6,Night,77,MXw4NC05LTAtMC0wOzc5LTgtMC0wLTA7MjcxLTctMC0wLTA7MTAyNi0xNC0wLTAtMDsyNDktMTMtMC0wLTB8MA==
1036,Adv.6,Night,78,MXwyNDAtOS0wLTAtMDsxMDQ0LTgtMC0wLTA7MTk1LTctMC0wLTA7MzYwLTE0LTAtMC0wOzUyLTEzLTAtMC0wfDA=
1036,Adv.6,Night,79,MXwxMjQtOS0wLTAtMDsxNDctOC0wLTAtMDszNS03LTAtMC0wOzE4Mi0xNC0wLTAtMDsyMTctMTMtMC0wLTB8MA==
1036,Adv.6,Night,80,MXwyMzEtOS0wLTAtMDsyNTYtOC0wLTAtMDsyNTUtNy0wLTAtMDsyNjgtMTQtMC0wLTA7Mjg0LTEzLTAtMC0wfDA=
1036,Adv.6,Night,81,MXwzMDgtOS0wLTAtMDs0MS04LTAtMC0wOzExNy03LTAtMC0wOzM4LTE0LTAtMC0wOzI0MS0xMy0wLTAtMHww
1036,Adv.6,Night,82,MXwxNzQtOS0wLTAtMDsxMDM3LTgtMC0wLTA7MzcxLTctMC0wLTA7Mzg5LTE0LTAtMC0wOzQwLTEzLTAtMC0wfDA=
1038,Adv.8,Day,1,MXwyMDA1MC05LTI5OC0xNjAtOTA7MjAwNDYtOC0yMC0xMDUtMjk3OzIwMDM5LTctMzM3LTExMS04NjsyMDEyNS0xNC0yMzktMTMyLTY4OzIwMjgyLTEzLTMzNi03Ni0zMDV8MA==
1038,Adv.8,Day,2,MXwyMDA4OC05LTIyOS0yMjQtMTA3OzMwNy04LTMyMS0yMjQtNjg7MjAyMDAtNy0yNDEtNC05MDsyMDA1My0xNC0xNzAtNC05MDsyMDE1OS0xMy0yNDAtODAtMzA1fDA=
1038,Adv.8,Day,3,MXwyMDI1Mi05LTE3OC00LTkwOzM1MS04LTQ0LTgwLTMwNTsyMDIzMC03LTIwLTI4Ny05MDsyMDA3NS0xNC0zNDAtMTEyLTYxOzIwMDM3LTEzLTIwLTEyOS05MHww
1038,Adv.8,Day,4,MXwzNDgtOS0yMC00LTkwOzMyMy04LTQ0LTc2LTMwNTsxODgtNy00NC04MC0zMDU7MjAwOTUtMTQtMjIxLTE1OC05MDsyMDA4MS0xMy0yMjktMTMxLTY4fDA=
1038,Adv.8,Day,5,MXwyMDIwMS05LTI2Mi00LTkwOzM3Ny04LTMxOC00LTkwOzI2Ni03LTIwLTQtOTA7NDgtMTQtMjAtMjE3LTkwOzEwMjQtMTMtMjAtNC0xODN8MA==
1038,Adv.8,Day,6,MXwzMTYtOS0yMC00LTkwOzIwMDQ0LTgtMjAtNC0xMTU7MjAwNTEtNy0yMC0xMDQtOTA7MjAxOTktMTQtMjI5LTIyNC02ODszNzQtMTMtMjI5LTIyNC02OHww
1038,Adv.8,Day,7,MXwyMDA0OS05LTIxMi00LTkwOzE3My04LTIyOS0zMTYtNjg7MjAxNTQtNy00NC03Ni0xNzc7MjIyLTE0LTIwLTI0Ny05MDsxOTgtMTMtMjAtNC05MHww
1038,Adv.8,Day,8,MXwzNi05LTU5LTQtOTA7Mjk2LTgtMzM5LTQtOTA7MTI4LTctMjAtNC05MDsxMDMxLTE0LTIwLTQtMjU0OzIwMjI4LTEzLTQwLTMzNS0xNjh8MA==
1038,Adv.8,Day,9,MXwxMDAyLTktNDQtNzYtMTI7MTYyLTgtNDQtNzYtMTI7MzE3LTctMjAtNC0yNTk7MTAyMC0xNC0yMC00LTE0ODszODctMTMtNDQtNzYtMTJ8MA==
1038,Adv.8,Day,10,MXwyMDExNS05LTE5Ny0yODYtNjY7MjAxMTQtOC02Ni03Mi0yMTM7MTgzLTctMjI0LTIwLTM1NzszNTItMTQtNDQtNzYtMTI7MzY2LTEzLTQ0LTc2LTEyfDA=
1038,Adv.8,Day,11,MXwxNTctOS00NC03Ni0xMjsyMTMtOC0yMzQtMjAtMTI7MjU3LTctMjAtNC0wOzIwMTAxLTE0LTkyLTM1OS0xNTY7MTk3LTEzLTIwLTQtMHww
1038,Adv.8,Day,12,MXwyMDAyNi05LTYyLTM0OC0xNTc7MjAxMDMtOC05Mi0zNTgtMTI1OzE1My03LTQ0LTc2LTI2NTsxMDI1LTE0LTQ0LTE4Ni0xMjszMDItMTMtNDQtMjE2LTEyfDA=
1038,Adv.8,Day,13,MXwyMDEwNC05LTI2MC03Mi0xMjsyMDE0My04LTE5Mi03Mi0xMjsyMDAwOC03LTE4MC0yMzgtMzUxOzIwMDMyLTE0LTIzNC03Mi0xMzQ7MjAwOTctMTMtMTc5LTcyLTU4fDA=
1038,Adv.8,Day,14,MXw0My05LTI0Mi00LTA7MTQ4LTgtMjAtNC0wOzM0LTctMjAtMjc5LTMxMTsyNDctMTQtMjAtNC0wOzIwMDEwLTEzLTE1NS03Mi0zNTV8MA==
1038,Adv.8,Day,15,MXwyNzAtOS0yMTEtNC0wOzM4MS04LTIwLTQtMDsyMDAwNy03LTIyNC03Mi0xNzE7MjExLTE0LTIwLTQtMDsyMzUtMTMtMjAtNC0zMTF8MA==
1038,Adv.8,Day,16,MXwzMDUtOS0yMC00LTA7MjAyMTItOC0yMjQtNzItMzM0OzMzNy03LTIwLTQtMDsyMDAwMS0xNC0xMjItNzItNDA7MTg0LTEzLTIwLTQtMHww
1038,Adv.8,Day,17,MXwyMDEzNi05LTIzNC03Mi0xMjsyMDIyMC04LTIyNC03Mi00MDsxMjctNy0yMzQtMTgyLTEyOzEzNS0xNC0yMzQtNzItMjQ5OzEwMTktMTMtMjM0LTE0Ni0xMnww
1038,Adv.8,Day,18,MXw0Mi05LTIwLTQtMzExOzIwMDk0LTgtMjM0LTcyLTEyOzI0Mi03LTI3OC03Mi01ODsyMC0xNC0yMzQtNzItMTI7MTQyLTEzLTMzMi03Mi01OHww
1038,Adv.8,Day,19,MXwyMzMtOS0yNjYtNzItNDA7MTAyOC04LTIzNC03Mi0xMjsxNjYtNy0yNzAtNzItNTg7OTYtMTQtMjI0LTcyLTIzNzs0LTEzLTIyNC0yNzEtNTh8MA==
1038,Adv.8,Day,20,MXwyNTAtOS0yMjQtNzItNTg7MjQ1LTgtNDAtNzItMjc3OzEwMTctNy0yMjQtNzItNDA7MTAxOC0xNC0yMjQtNzItMTQ3OzIwMDA1LTEzLTIyNC03Mi00MHww
1038,Adv.8,Day,21,MXwzMDMtOS0yMjQtNzItNTg7MjAwOTEtOC0yMjQtNzItNTg7MjAwMDItNy02Ni03Mi00MDsxNi0xNC0yMzYtNzItMTI7MjM0LTEzLTIzNC03Mi0xMnww
1038,Adv.8,Day,22,MXwzMTEtOS0yMzQtNzItMTI7Mjk0LTgtNjYtNzItNDA7MjctNy0yMzQtMTgxLTEyOzMxNS0xNC0yMzQtNzItMTI7MzYzLTEzLTIzNC03Mi0xMnww
1038,Adv.8,Day,23,MXw5OS05LTI2OS03Mi00MDsxMDMzLTgtMjAtMjUyLTY4OzI3Ni03LTIwLTEyLTY4OzM0NS0xNC0yMC0xMi02ODsyNzItMTMtNjYtNzItNDB8MA==
1038,Adv.8,Day,24,MXwyNTMtOS0yMC0xMjAtNjg7MzU3LTgtNjYtNzItNTg7Mjg1LTctNjYtNzItNTg7ODAtMTQtMjAtMjIwLTY4OzI5Mi0xMy01MC00LTY4fDA=
1038,Adv.8,Day,25,MXwxMDA5LTktNjYtNzItNTg7MTI2LTgtMTk4LTcyLTU4OzMwNC03LTIzNC03Mi04OzM3MC0xNC02Ni03Mi00MDszMzYtMTMtMjM0LTcyLTh8MA==
1038,Adv.8,Day,26,MXwyNDgtOS0yNDYtNzItNDA7MTEtOC0yOTEtNzItNTg7Mjg2LTctMjM0LTcyLTg7MzMxLTE0LTY2LTcyLTU4OzM3OS0xMy02Ni03Mi01OHww
1038,Adv.8,Day,27,MXwzNTgtOS02Ni03Mi01ODsxNC04LTY2LTE5NS00MDszNTQtNy02Ni03Mi00MDsxNjgtMTQtNjYtNzItNTg7MTM3LTEzLTQwLTcyLTh8MA==
1038,Adv.8,Day,28,MXw4Ni05LTIyNy0yOTAtNjg7MTUwLTgtMjM0LTcyLTg7MjYxLTctMjI3LTMwMC0wOzExMi0xNC0yMjctNC02ODszMzktMTMtMjI3LTQtNjh8MA==
1038,Adv.8,Day,29,MXwyMzgtOS0yMjctNC02ODsxOC04LTIzNC03Mi04OzMtNy0xNjQtNzItNDA7Ni0xNC02Ni03Mi00MDsxMDktMTMtMjI3LTgtNjh8MA==
1038,Adv.8,Day,30,MXw3Ny05LTIyNy04LTY4OzI3NS04LTIyNy04LTY4OzIwMDU1LTctNC0zMi05OTsyMi0xNC00MC03Mi04OzEyLTEzLTY2LTcyLTEyMXww
1038,Adv.8,Day,31,MXwxMy05LTY2LTcyLTU4OzMyOS04LTIyNy00LTA7MTQ2LTctMjI3LTQtMDsyMDEyMi0xNC00LTMyLTE5MDsyMDI5My0xMy0xMDktMzItMjc1fDA=
1038,Adv.8,Day,32,MXwyMDQtOS0yMjctMTA5LTA7MTY1LTgtNDQtODAtMDsyMDA2NS03LTEwNi0zNTYtMTU5OzE1NS0xNC00NC04MC0wOzIwMjA1LTEzLTI3NC0zMi0zMDl8MA==
1038,Adv.8,Day,33,MXwyMDA1Ny05LTEwMC0zMzgtNjA7MjAwNTYtOC0xMDktMTI2LTMyOzU0LTctMzItNDQtOTE7NzMtMTQtMjk1LTMyLTMwOTsxMTgtMTMtNjYtMzItMjQ4fDA=
1038,Adv.8,Day,34,MXw2Mi05LTY2LTMyLTEyNzsyMDIxNi04LTI3My0zMi01ODsyMDA2NC03LTEzMC0zMi0zMDk7Mjk1LTE0LTM2Ny05NS0wOzIwMDYwLTEzLTY2LTEzNS01OHww
1038,Adv.8,Day,35,MXwxMDMyLTktOC0zMi0yNTU7MjYwLTgtNjYtOTUtMDsxMDI3LTctNjYtMzItMTg0OzIwMDcxLTE0LTY2LTMyLTIwNTsyMDYtMTMtNjYtMzItMzA5fDA=
1038,Adv.8,Day,36,MXwyMTUtOS0xNzUtMzItMzA5OzcyLTgtOC0zMi0xNjU7MTk0LTctMzA0LTMyLTMwOTsyMDE3MS0xNC04LTMyLTA7MjQzLTEzLTI4Mi0xMTAtMzA5fDA=
1038,Adv.8,Day,37,MXwzNzgtOS04LTMxNy0zMDk7MTcyLTgtMTY5LTExMC0zMDk7MjY5LTctMTYtOTUtMDsxMDI5LTE0LTIwMi0xMTAtMzA5OzEyOS0xMy0xNjEtMTEwLTMwOXww
1038,Adv.8,Day,38,MXwzNDYtOS0xNi05NS0wOzExOS04LTgtMTEwLTMwOTszMDktNy0xNi0yMjUtMDsxNzctMTQtMzA5LTIyNS0wOzMyOC0xMy0zMDktMjI1LTB8MA==
1038,Adv.8,Day,39,MXwzNjQtOS0zMDktMjI1LTA7NzgtOC0yMjctOC0wOzIxNC03LTgtMzE5LTMwOTs4OS0xNC0yMjctOC0wOzM1NS0xMy0zMDktMC0wfDA=
1038,Adv.8,Day,40,MXwyOS05LTMwOS0wLTA7MTA2LTgtOC0wLTMwOTszMDYtNy04LTAtMzA5OzIzLTE0LTMwOS0wLTA7MTE2LTEzLTMwOS0wLTB8MA==
1038,Adv.8,Day,41,MXwzNjEtOS04LTAtMzA5OzM1Ni04LTgtMC0zMDk7MTA1LTctOC0xNzMtMDsxOTItMTQtMC0wLTA7MTYxLTEzLTAtMC0wfDA=
1038,Adv.8,Day,42,MXw5OC05LTAtMC0wOzE2My04LTAtMC0wOzE4OS03LTAtMC0wOzE3NS0xNC04LTAtMDsxNS0xMy0wLTAtMHww
1038,Adv.8,Day,43,MXwzMjUtOS0wLTAtMDsxMzAtOC0xNjEtMC0wOzE3OS03LTAtMC0wOzMyMC0xNC0wLTAtMDsxODAtMTMtMC0wLTB8MA==
1038,Adv.8,Day,44,MXwxOTYtOS0xNi0wLTA7MzQxLTgtMC0wLTA7MjUxLTctMC0wLTA7MzMzLTE0LTAtMC0wOzM0Ny0xMy0wLTAtMHww
1038,Adv.8,Day,45,MXwxMDAtOS0wLTAtMDsxNzYtOC0wLTAtMDs5Mi03LTAtMC0wOzktMTQtMC0wLTA7NzAtMTMtMTYtMC0wfDA=
1038,Adv.8,Day,46,MXwxNzgtOS0wLTAtMDsxMjMtOC0wLTAtMDs5MC03LTAtMC0wOzE3LTE0LTAtMC0wOzkzLTEzLTAtMC0wfDA=
1038,Adv.8,Day,47,MXwxNTgtOS0wLTAtMDs4NS04LTAtMC0wOzExMC03LTAtMC0wOzI3My0xNC0wLTAtMDsxMDM0LTEzLTAtMC0wfDA=
1038,Adv.8,Day,48,MXwxNjctOS0wLTAtMDszNTAtOC0wLTAtMDsyMjktNy0wLTAtMDsyOC0xNC0wLTAtMDszMjQtMTMtMC0wLTB8MA==
1038,Adv.8,Day,49,MXwxNTItOS0wLTAtMDsyNzgtOC0wLTAtMDsxNjQtNy0wLTAtMDszMzQtMTQtMC0wLTA7MzEyLTEzLTAtMC0wfDA=
1038,Adv.8,Day,50,MXwyMjYtOS0wLTAtMDsxNTYtOC0wLTAtMDszNjctNy0wLTAtMDsyODMtMTQtMC0wLTA7Mzg4LTEzLTAtMC0wfDA=
1038,Adv.8,Day,51,MXwxMDEwLTktMC0wLTA7NjktOC0wLTAtMDs0Ny03LTAtMC0wOzIyMS0xNC0wLTAtMDsxNDUtMTMtMC0wLTB8MA==
1038,Adv.8,Day,52,MXwzMzItOS0wLTAtMDsyNzQtOC0wLTAtMDsxMDM5LTctMC0wLTA7MjAzLTE0LTAtMC0wOzE0MS0xMy0wLTAtMHww
1038,Adv.8,Day,53,MXwyMS05LTAtMC0wOzEzMS04LTAtMC0wOzI1LTctMC0wLTA7MjgwLTE0LTAtMC0wOzY2LTEzLTAtMC0wfDA=
1038,Adv.8,Day,54,MXwzMzUtOS0wLTAtMDsyNjMtOC0wLTAtMDsyNjQtNy0wLTAtMDszNjItMTQtMC0wLTA7MTExLTEzLTAtMC0wfDA=
1038,Adv.8,Day,55,MXwzMjYtOS0wLTAtMDsxMDIyLTgtMC0wLTA7MTUxLTctMC0wLTA7MTYwLTE0LTAtMC0wOzI5OS0xMy0wLTAtMHww
1038,Adv.8,Day,56,MXwyODEtOS0wLTAtMDszNDItOC0wLTAtMDszNTMtNy0wLTAtMDsxMDQxLTE0LTAtMC0wOzE5MC0xMy0wLTAtMHww
1038,Adv.8,Day,57,MXwzMjEtOS0wLTAtMDsxMDAxLTgtMC0wLTA7MjAyLTctMC0wLTA7MjMxLTE0LTAtMC0wOzI0NC0xMy0wLTAtMHww
1038,Adv.8,Day,58,MXwzMTAtOS0wLTAtMDszNjAtOC0wLTAtMDsxMjQtNy0wLTAtMDsyNjgtMTQtMC0wLTA7Mzc2LTEzLTAtMC0wfDA=
1038,Adv.8,Day,59,MXwzNS05LTAtMC0wOzExMy04LTAtMC0wOzExNy03LTAtMC0wOzE4Mi0xNC0wLTAtMDsyMTAtMTMtMC0wLTB8MA==
1038,Adv.8,Day,60,MXwyNTYtOS0wLTAtMDsyNTUtOC0wLTAtMDszMDgtNy0wLTAtMDszNzItMTQtMC0wLTA7NTItMTMtMC0wLTB8MA==
1038,Adv.8,Day,61,MXwyODQtOS0wLTAtMDsxMDM1LTgtMC0wLTA7MTAzOC03LTAtMC0wOzEwNy0xNC0wLTAtMDsxMzktMTMtMC0wLTB8MA==
1038,Adv.8,Day,62,MXwxNDctOS0wLTAtMDsyMTctOC0wLTAtMDszNjUtNy0wLTAtMDszODQtMTQtMC0wLTA7Mzg1LTEzLTAtMC0wfDA=
1038,Adv.8,Day,63,MXw0MS05LTAtMC0wOzM4LTgtMC0wLTA7MTAyMy03LTAtMC0wOzE3NC0xNC0wLTAtMDsxNDAtMTMtMC0wLTB8MA==
1038,Adv.8,Day,64,MXwzNjktOS0wLTAtMDszNzEtOC0wLTAtMDszNzUtNy0wLTAtMDszODMtMTQtMC0wLTA7MTA0Mi0xMy0wLTAtMHww
1038,Adv.8,Day,65,MXwxODYtOS0wLTAtMDsyMDctOC0wLTAtMDs1OS03LTAtMC0wOzEwMzctMTQtMC0wLTA7Mzg5LTEzLTAtMC0wfDA=
1038,Adv.8,Day,66,MXwxMjAtOS0wLTAtMDsxOTEtOC0wLTAtMDsyNDEtNy0wLTAtMDszMDEtMTQtMC0wLTA7MzIyLTEzLTAtMC0wfDA=
1038,Adv.8,Day,67,MXwzMjctOS0wLTAtMDsxMDItOC0wLTAtMDsyMzItNy0wLTAtMDsyNjctMTQtMC0wLTA7Mjc3LTEzLTAtMC0wfDA=
1038,Adv.8,Day,68,MXwyOTEtOS0wLTAtMDsxMDMwLTgtMC0wLTA7MzU5LTctMC0wLTA7NDAtMTQtMC0wLTA7MzMtMTMtMC0wLTB8MA==
1038,Adv.8,Day,69,MXwxNDQtOS0wLTAtMDsxMzItOC0wLTAtMDsyMjQtNy0wLTAtMDsyNC0xNC0wLTAtMDsxMzMtMTMtMC0wLTB8MA==
1038,Adv.8,Day,70,MXwyMDktOS0wLTAtMDsyNTQtOC0wLTAtMDsxMDM2LTctMC0wLTA7MzEtMTQtMC0wLTA7MjI1LTEzLTAtMC0wfDA=
1038,Adv.8,Day,71,MXwyMTgtOS0wLTAtMDsyNTktOC0wLTAtMDsxOS03LTAtMC0wOzE2OS0xNC0wLTAtMDszODAtMTMtMC0wLTB8MA==
1038,Adv.8,Day,72,MXwxMDIxLTktMC0wLTA7MjA4LTgtMC0wLTA7MzE5LTctMC0wLTA7Mzg2LTE0LTAtMC0wOzMwMC0xMy0wLTAtMHww
1038,Adv.8,Day,73,MXwxMjEtOS0wLTAtMDsxMDQwLTgtMC0wLTA7MTQ5LTctMC0wLTA7MjQ5LTE0LTAtMC0wOzgyLTEzLTAtMC0wfDA=
1038,Adv.8,Day,74,MXwxODUtOS0wLTAtMDsyNzEtOC0wLTAtMDsxMDI2LTctMC0wLTA7MjQwLTE0LTAtMC0wOzEwNDQtMTMtMC0wLTB8MA==
1038,Adv.8,Day,75,MXw4Ny05LTAtMC0wOzg0LTgtMC0wLTA7NzktNy0wLTAtMDsxOTUtMTQtMC0wLTA7MjI3LTEzLTAtMC0wfDA=
1038,Adv.8,Day,76,MXwzMTMtOS0wLTAtMDsxOTMtOC0wLTAtMDsyNjUtNy0wLTAtMDsyODktMTQtMC0wLTA7MzQ0LTEzLTAtMC0wfDA=
1038,Adv.8,Day,77,MXwzNDMtOS0wLTAtMDszOTAtOC0wLTAtMDsyMzktNy0wLTAtMDsyNTgtMTQtMC0wLTA7Mjk4LTEzLTAtMC0wfDA=
1038,Adv.8,Day,78,MXwyMzYtOS0wLTAtMDs3NC04LTAtMC0wOzEwOC03LTAtMC0wOzEzNC0xNC0wLTAtMDsxMzgtMTMtMC0wLTB8MA==
1038,Adv.8,Day,79,MXwyMjMtOS0wLTAtMDsyNzktOC0wLTAtMDszNzMtNy0wLTAtMDsxMDQzLTE0LTAtMC0wOzE3MC0xMy0wLTAtMHww
1038,Adv.8,Day,80,MXw2OC05LTAtMC0wfDA=
1043,Core3,Day,1,MXwyMDA1MC05LTI5OC0xNjAtOTA7MjAyODItOC0zMzYtNzYtMzA1OzIwMDQ2LTctMjAtMTA1LTI5NzsyMDAzOS0xNC0zMzctMTExLTg2OzIwMTE0LTEzLTMwNS03Mi0yMTN8MA==
1043,Core3,Day,2,MXwxODMtOS0yMjQtMjAtMzU3OzIwMTI1LTgtMjM5LTEzMi02ODsyMDA4OC03LTIyOS0yMjQtMTA3OzIwMDA4LTE0LTE4MC0yMzgtMzUxOzIwMDk3LTEzLTE3OS03Mi01OHww
1043,Core3,Day,3,MXwzMDMtOS0zMDUtNzItNDA7MjAwMTAtOC0xNTUtNzItMzU1OzIwMTU5LTctMjQwLTgwLTMwNTsyMDAwNy0xNC0yMjQtNzItMTcxOzIwMjEyLTEzLTIyNC03Mi0zMzR8MA==
1043,Core3,Day,4,MXwyMDIwMC05LTI0MS00LTkwOzIwMDUzLTgtMTcwLTQtOTA7MzIzLTctNDQtNzYtMzA1OzIwMDAxLTE0LTEyMi03Mi00MDsyMDI1Mi0xMy0xNzgtNC05MHww
1043,Core3,Day,5,MXwxMDktOS0yMjktMjI0LTY4OzExMi04LTIyOS0yMjQtNjg7MjAyMjAtNy0yMjQtNzItNDA7MjAyMzAtMTQtMjAtMjg3LTkwOzIwMDc1LTEzLTM0MC0xMTItNjF8MA==
1043,Core3,Day,6,MXwyMDAzNy05LTIwLTEyOS05MDsxNDgtOC0yMC00LTkwOzI0Mi03LTI3OC03Mi01ODsyMDA5NS0xNC0yMjEtMTU4LTkwOzE4OC0xMy00NC03Ni0xMnww
1043,Core3,Day,7,MXwxMjYtOS0xOTgtNzItNTg7MjAxNTQtOC00NC03Ni0xNzc7MjAwODEtNy0yMjktMTMxLTY4OzE0Mi0xNC0zMzItNzItNTg7MjAyMDEtMTMtMjYyLTQtOTB8MA==
1043,Core3,Day,8,MXwyMzMtOS0yNjYtNzItNDA7Mzc3LTgtMzE4LTQtOTA7MTY2LTctMjcwLTcyLTU4Ozk2LTE0LTIyNC03Mi0yMzc7MjY2LTEzLTIwLTQtOTB8MA==
1043,Core3,Day,9,MXw0LTktMjI0LTI3MS01ODs0OC04LTIwLTIxNy05MDsxMDI0LTctMjAtNC0xODM7MjUwLTE0LTIyNC03Mi01ODszMTYtMTMtMjAtNC05MHww
1043,Core3,Day,10,MXwyMDA0NC05LTIwLTQtMTE1OzEwMTctOC0yMjQtNzItNDA7MjAwNTEtNy0yMC0xMDQtOTA7MTAxOC0xNC0yMjQtNzItMTQ3OzIwMTk5LTEzLTIyOS0yMjQtNjh8MA==
1043,Core3,Day,11,MXwyMDAwNS05LTIyNC03Mi00MDsyMDA0OS04LTIxMi00LTkwOzIwMDkxLTctMjI0LTcyLTU4OzMwNy0xNC0zMjEtMjI0LTY4OzIyMi0xMy0yMC0yNDctOTB8MA==
1043,Core3,Day,12,MXwyMDAwMi05LTY2LTcyLTQwOzE5OC04LTIwLTQtOTA7Mjk0LTctNjYtNzItNDA7MzYtMTQtNTktNC05MDsxMDAyLTEzLTQ0LTc2LTEyfDA=
1043,Core3,Day,13,MXwxNjItOS00NC03Ni0xMjsyOTYtOC0zMzktNC05MDsxMjgtNy0yMC00LTkwOzEwMzEtMTQtMjAtNC0yNTQ7OTktMTMtMjY5LTcyLTQwfDA=
1043,Core3,Day,14,MXwzODctOS00NC03Ni0xMjsyNzItOC02Ni03Mi00MDszNTctNy02Ni03Mi01ODszNTEtMTQtNDQtNzYtMTI7Mjg1LTEzLTY2LTcyLTU4fDA=
1043,Core3,Day,15,MXwzMTctOS0yMC00LTI1OTszNTItOC00NC03Ni0xMjszNjYtNy00NC03Ni0xMjsxMDIwLTE0LTIwLTQtMTQ4OzE1Ny0xMy00NC03Ni0xMnww
1043,Core3,Day,16,MXwxMDI1LTktNDQtMTg2LTEyOzEwMDktOC02Ni03Mi01ODszMDItNy00NC0yMTYtMTI7MzcwLTE0LTY2LTcyLTQwOzI0OC0xMy0yNDYtNzItNDB8MA==
1043,Core3,Day,17,MXwxMS05LTI5MS03Mi01ODszMzEtOC02Ni03Mi01ODszNzktNy02Ni03Mi01ODsxNTMtMTQtNDQtMjMxLTI2NTszNTgtMTMtNjYtNzItNTh8MA==
1043,Core3,Day,18,MXwyNTctOS0yMC00LTA7MTk3LTgtMjAtNC0wOzE0LTctNjYtMTk1LTQwOzM1NC0xNC02Ni03Mi00MDsxNjgtMTMtNjYtNzItNTh8MA==
1043,Core3,Day,19,MXwzNDgtOS0yMC00LTA7My04LTE2NC03Mi00MDs2LTctNjYtNzItNDA7NDMtMTQtMjQyLTQtMDszNC0xMy0yMC0yNzktMzExfDA=
1043,Core3,Day,20,MXwyNDctOS0yMC00LTA7MjcwLTgtMjExLTQtMDszODEtNy0yMC00LTA7MjAwNTUtMTQtNC0zMi05OTsyMTEtMTMtMjAtNC0wfDA=
1043,Core3,Day,21,MXwyMzUtOS0yMC00LTMxMTszMDUtOC0yMC00LTA7MTItNy02Ni03Mi00MDsxMy0xNC02Ni03Mi01ODszMzctMTMtMjAtNC0wfDA=
1043,Core3,Day,22,MXwxODQtOS0yMC00LTA7MjAxMjItOC00LTMyLTE5MDsyMDI5My03LTQtMzItMjc1OzIwMjA1LTE0LTI3NC0zMi0yMzQ7MjAwNjUtMTMtMTA2LTM1Ni0xNTl8MA==
1043,Core3,Day,23,MXw0Mi05LTIwLTQtMzExOzIwMDU3LTgtMTAwLTMzOC02MDsyMDA1Ni03LTQtMTI2LTMyOzE3My0xNC0yMC0zMTYtNjg7MjAyMTYtMTMtMjczLTMyLTIzNHww
1043,Core3,Day,24,MXwzNzQtOS0yMC0xMi02ODsyMDIyOC04LTQwLTMzNS0xNjg7Mjc2LTctMjAtMTItNjg7MTAzMy0xNC0yMC0yNTItNjg7MzQ1LTEzLTIwLTEyLTY4fDA=
1043,Core3,Day,25,MXwyNTMtOS0yMC0xMi02ODs4MC04LTUwLTIyMC02ODsyMDA2MC03LTgtMTM1LTIzNDs1NC0xNC0zMi00NC05MTsyMDExNS0xMy0xOTctMjg2LTY2fDA=
1043,Core3,Day,26,MXwxMTgtOS00LTMyLTI0ODsyMDA2NC04LTEyLTMyLTIzNDsyMDE3MS03LTEyLTMyLTIzNDs2Mi0xNC00LTMyLTEyNzsyMDYtMTMtOC0zMi0yMzR8MA==
1043,Core3,Day,27,MXwzNzgtOS0xMi0zMTctMjM0OzczLTgtMjk1LTMyLTIzNDs3Ny03LTIyNy0xMi02ODsyMDEwMS0xNC05Mi0zNTktMTU2OzIwMDI2LTEzLTYyLTM0OC0xNTd8MA==
1043,Core3,Day,28,MXwyMDEwMy05LTkyLTM1OC0xMjU7MjkyLTgtMjI3LTQtNjg7MjAwNzEtNy0xMi0zMi0yMzQ7ODYtMTQtMjI3LTI5MC02ODsyMDEwNC0xMy0yNjAtNzItMTJ8MA==
1043,Core3,Day,29,MXwyNjEtOS0yMjctMzAwLTA7MjAxNDMtOC0xOTItNzItMTI7MzM5LTctMjI3LTEyLTY4OzIzOC0xNC0yMjctMTItNjg7Mjc1LTEzLTIyNy0xMi02OHww
1043,Core3,Day,30,MXwyMDAzMi05LTIzNC03Mi0xMzQ7MjEzLTgtMjM0LTIyNy0xMjsxMDYtNy0xMjAtMzItMjM0OzExOS0xNC04LTMyLTIzNDszMDYtMTMtOC0zMi0yMzR8MA==
1043,Core3,Day,31,MXwyMDA2My05LTgtMzItMjM0OzEwMzItOC04LTMyLTI1NTsxMDI3LTctNC0xMTAtMTg0OzM1Ni0xNC04LTExMC0yMzQ7MzYxLTEzLTgtMTEwLTIzNHww
1043,Core3,Day,32,MXwxNzItOS0xNjktMTEwLTIzNDsyNDMtOC0yODItMTEwLTIzNDsyNjAtNy02Ni03Mi0wOzMyOS0xNC0yMjctMTA5LTA7MTY1LTEzLTQ0LTgwLTB8MA==
1043,Core3,Day,33,MXwxNDYtOS0yMjctMTA5LTA7MjY5LTgtNjYtNzItMDsyMDQtNy0yMjctMTA5LTA7MTU1LTE0LTQ0LTgwLTA7MzQ2LTEzLTY2LTcyLTB8MA==
1043,Core3,Day,34,MXwyMDEzNi05LTQwLTcyLTg7MTM1LTgtMTIxLTcyLTI0OTsyMDA5NC03LTIxOC0zNDMtMTAzOzMwOS0xNC02Ni03Mi0wOzEwMjktMTMtMjAyLTIwMy0zMDl8MA==
1043,Core3,Day,35,MXwyMTQtOS02Ni0zMTktNTg7MjQ1LTgtNTgtNzItMjc3OzEwMTktNy01OC0xNDYtODsxMDI4LTE0LTIwMS03Mi04OzE2LTEzLTIzNi03Mi04fDA=
1043,Core3,Day,36,MXwyMTUtOS0xNzUtMC0zMDk7NzItOC04LTAtMTY1OzE5NC03LTMwNC0wLTMwOTsxMjctMTQtMzA5LTE4Mi04OzEyOS0xMy0xNjEtMC0zMDl8MA==
1043,Core3,Day,37,MXwzMzgtOS02Ni0wLTMwOTsxMDUtOC02Ni0xNzMtMzA5OzIwLTctMzA5LTcyLTg7MzE4LTE0LTY2LTAtMzA5OzI5MC0xMy04LTAtMzA5fDA=
1043,Core3,Day,38,MXwyMzQtOS0zMDktNzItODszMTEtOC0zMDktNzItODszMTUtNy0zMDktNzItODsyNy0xNC0zMDktMTgxLTg7MzYzLTEzLTMwOS03Mi04fDA=
1043,Core3,Day,39,MXwyMzYtOS04LTAtMzA5OzM0MC04LTgtMC0zMDk7MTgxLTctOC0wLTMwOTsxODctMTQtMjg4LTAtMzA5OzI4Ny0xMy0xNi0wLTMwOXww
1043,Core3,Day,40,MXwyODgtOS0xNi0wLTMwOTsxOC04LTMwOS03Mi0xNjM7MzMwLTctMTYtMC0zMDk7MzQ5LTE0LTE2LTAtMzA5OzMzNi0xMy0wLTcyLTE2fDA=
1043,Core3,Day,41,MXwyODYtOS0wLTcyLTE2OzMwNC04LTAtNzItMTY7MTM3LTctMC05NS0xNjsxNTAtMTQtMC05NS0xNjsyMi0xMy0wLTk1LTE2fDA=
1043,Core3,Day,42,MXw5OC05LTAtMC0wOzI5NS04LTM2Ny05NS0wOzc4LTctMjI3LTAtMDs4OS0xNC0yMjctMC0wOzE1LTEzLTAtMC0wfDA=
1043,Core3,Day,43,MXwxNzUtOS0xNi0wLTA7MTMwLTgtMTYxLTAtMDsxOTYtNy0xNi0wLTA7MTc3LTE0LTAtMjI1LTA7MzI4LTEzLTAtMjI1LTB8MA==
1043,Core3,Day,44,MXwzNjQtOS0wLTIyNS0wOzEwMC04LTAtMC0wOzI5LTctMC0yMjUtMDsxNjEtMTQtMC0wLTA7OS0xMy0wLTAtMHww
1043,Core3,Day,45,MXw3MC05LTE2LTAtMDsxMjMtOC0wLTAtMDs5MC03LTAtMC0wOzE2My0xNC0wLTAtMDsxOTItMTMtMC0wLTB8MA==
1043,Core3,Day,46,MXwxODktOS0wLTAtMDszMjUtOC0wLTAtMDsxNzktNy0wLTAtMDszMjAtMTQtMC0wLTA7MTgwLTEzLTAtMC0wfDA=
1043,Core3,Day,47,MXwxNjctOS0wLTAtMDszNTAtOC0wLTAtMDsxMDEwLTctMC0wLTA7NjktMTQtMC0wLTA7MTU4LTEzLTAtMC0wfDA=
1043,Core3,Day,48,MXwyMjEtOS0wLTAtMDszMzItOC0wLTAtMDsyNzQtNy0wLTAtMDsxMDM5LTE0LTAtMC0wOzEwMzQtMTMtMC0wLTB8MA==
1043,Core3,Day,49,MXw4NS05LTAtMC0wOzExMC04LTAtMC0wOzE0MS03LTAtMC0wOzM0MS0xNC0wLTAtMDsyMjktMTMtMC0wLTB8MA==
1043,Core3,Day,50,MXwyNTEtOS0wLTAtMDszMjQtOC0wLTAtMDszMzMtNy0wLTAtMDs2Ni0xNC0wLTAtMDsxNTItMTMtMC0wLTB8MA==
1043,Core3,Day,51,MXwzNDctOS0wLTAtMDsxNzYtOC0wLTAtMDsyNzgtNy0wLTAtMDs5Mi0xNC0wLTAtMDsxNjQtMTMtMC0wLTB8MA==
1043,Core3,Day,52,MXwzMzUtOS0wLTAtMDsxNzgtOC0wLTAtMDsxNTYtNy0wLTAtMDszMzQtMTQtMC0wLTA7MzY3LTEzLTAtMC0wfDA=
1043,Core3,Day,53,MXwyODMtOS0wLTAtMDsxNy04LTAtMC0wOzMxMi03LTAtMC0wOzIyNi0xNC0wLTAtMDsyNzMtMTMtMC0wLTB8MA==
1043,Core3,Day,54,MXwzODgtOS0wLTAtMDs5My04LTAtMC0wOzQ3LTctMC0wLTA7MTQ1LTE0LTAtMC0wOzI4LTEzLTAtMC0wfDA=
1043,Core3,Day,55,MXwzNDItOS0wLTAtMDsxMDAxLTgtMC0wLTA7MjAyLTctMC0wLTA7MjQ0LTE0LTAtMC0wOzI2My0xMy0wLTAtMHww
1043,Core3,Day,56,MXwzMTAtOS0wLTAtMDsxMTMtOC0wLTAtMDsyMTAtNy0wLTAtMDsyNjQtMTQtMC0wLTA7MzYyLTEzLTAtMC0wfDA=
1043,Core3,Day,57,MXwzNzItOS0wLTAtMDsxMTEtOC0wLTAtMDsxMDM1LTctMC0wLTA7MTAzOC0xNC0wLTAtMDsxMDctMTMtMC0wLTB8MA==
1043,Core3,Day,58,MXwxMzktOS0wLTAtMDszNjUtOC0wLTAtMDszODUtNy0wLTAtMDsxNDAtMTQtMC0wLTA7MzY5LTEzLTAtMC0wfDA=
1043,Core3,Day,59,MXwzNzUtOS0wLTAtMDszODMtOC0wLTAtMDsxMDQyLTctMC0wLTA7MTg2LTE0LTAtMC0wOzIwNy0xMy0wLTAtMHww
1043,Core3,Day,60,MXwyMDMtOS0wLTAtMDsxMjAtOC0wLTAtMDszMjItNy0wLTAtMDsyNS0xNC0wLTAtMDsyMS0xMy0wLTAtMHww
1043,Core3,Day,61,MXwxMzEtOS0wLTAtMDsxMDIyLTgtMC0wLTA7MjMyLTctMC0wLTA7Mjc3LTE0LTAtMC0wOzEzMi0xMy0wLTAtMHww
1043,Core3,Day,62,MXwyODAtOS0wLTAtMDsxMzMtOC0wLTAtMDsxNTEtNy0wLTAtMDsxNjAtMTQtMC0wLTA7Mjk5LTEzLTAtMC0wfDA=
1043,Core3,Day,63,MXwyODEtOS0wLTAtMDsxMDQxLTgtMC0wLTA7MzI2LTctMC0wLTA7MzIxLTE0LTAtMC0wOzM1My0xMy0wLTAtMHww
1043,Core3,Day,64,MXwxOTAtOS0wLTAtMDsyMzEtOC0wLTAtMDszNjAtNy0wLTAtMDsxMjQtMTQtMC0wLTA7MzUtMTMtMC0wLTB8MA==
1043,Core3,Day,65,MXwyNTUtOS0wLTAtMDsyNjgtOC0wLTAtMDszMDgtNy0wLTAtMDs1Mi0xNC0wLTAtMDsxMTctMTMtMC0wLTB8MA==
1043,Core3,Day,66,MXwxODItOS0wLTAtMDsyNTYtOC0wLTAtMDsyODQtNy0wLTAtMDsxNDctMTQtMC0wLTA7MjE3LTEzLTAtMC0wfDA=
1043,Core3,Day,67,MXwzNzEtOS0wLTAtMDs0MS04LTAtMC0wOzM4LTctMC0wLTA7MTc0LTE0LTAtMC0wOzEwMzctMTMtMC0wLTB8MA==
1043,Core3,Day,68,MXwzODktOS0wLTAtMDsyNDEtOC0wLTAtMDs0MC03LTAtMC0wOzEwMjEtMTQtMC0wLTA7MjA4LTEzLTAtMC0wfDA=
1043,Core3,Day,69,MXwyNTQtOS0wLTAtMDszNzYtOC0wLTAtMDsyMjctNy0wLTAtMDszMTktMTQtMC0wLTA7MzEzLTEzLTAtMC0wfDA=
1043,Core3,Day,70,MXwzODYtOS0wLTAtMDsxNDktOC0wLTAtMDsxOTMtNy0wLTAtMDsyNjUtMTQtMC0wLTA7MTAyMy0xMy0wLTAtMHww
1043,Core3,Day,71,MXwzMDAtOS0wLTAtMDsxMjEtOC0wLTAtMDsyODktNy0wLTAtMDszNDQtMTQtMC0wLTA7MzQzLTEzLTAtMC0wfDA=
1043,Core3,Day,72,MXwxMDQwLTktMC0wLTA7Mzg0LTgtMC0wLTA7MzkwLTctMC0wLTA7ODItMTQtMC0wLTA7MTkxLTEzLTAtMC0wfDA=
1043,Core3,Day,73,MXwxODUtOS0wLTAtMDsxMDItOC0wLTAtMDs1OS03LTAtMC0wOzIzOS0xNC0wLTAtMDsyNTgtMTMtMC0wLTB8MA==
1043,Core3,Day,74,MXwyNjctOS0wLTAtMDsyNzEtOC0wLTAtMDsxMDI2LTctMC0wLTA7MjkxLTE0LTAtMC0wOzI5OC0xMy0wLTAtMHww
1043,Core3,Day,75,MXwzMDEtOS0wLTAtMDszMjctOC0wLTAtMDsyNDktNy0wLTAtMDszNTktMTQtMC0wLTA7MjQwLTEzLTAtMC0wfDA=
1043,Core3,Day,76,MXwxMDQ0LTktMC0wLTA7NzQtOC0wLTAtMDs4Ny03LTAtMC0wOzMzLTE0LTAtMC0wOzI0LTEzLTAtMC0wfDA=
1043,Core3,Day,77,MXwxNDQtOS0wLTAtMDsxMDgtOC0wLTAtMDs4NC03LTAtMC0wOzEzNC0xNC0wLTAtMDsxMzgtMTMtMC0wLTB8MA==
1043,Core3,Day,78,MXw3OS05LTAtMC0wOzE5NS04LTAtMC0wOzIwOS03LTAtMC0wOzIyMy0xNC0wLTAtMDsyMjQtMTMtMC0wLTB8MA==
1043,Core3,Day,79,MXwyNzktOS0wLTAtMDsxMDMwLTgtMC0wLTA7MTAzNi03LTAtMC0wOzM3My0xNC0wLTAtMDsxMDQzLTEzLTAtMC0wfDA=
1043,Core3,Day,80,MXwzMS05LTAtMC0wOzE3MC04LTAtMC0wOzE5LTctMC0wLTA7MjI1LTE0LTAtMC0wOzIxOC0xMy0wLTAtMHww
1043,Core3,Day,81,MXwyNTktOS0wLTAtMDsxNjktOC0wLTAtMDszNTUtNy0wLTAtMDszODAtMTQtMC0wLTA7NjgtMTMtMC0wLTB8MA==
1043,Core3,Day,82,MXwyMy05LTAtMC0wfDA=
1046,Core6,Day,1,MXwyMDEyNS05LTIzOS0xMzItNjg7MjAyODItOC0zMzYtNzYtMzA1OzIwMDg4LTctMjI5LTIyNC0xMDc7MTczLTE0LTIyOS0zMTYtNjg7MjAxNTktMTMtMjQwLTgwLTMwNXww
1046,Core6,Day,2,MXwyMzgtOS0yMjktMjI0LTY4OzIwMDc1LTgtMzQwLTExMi02MTsxNTctNy00NC04MC0zMDU7MzIzLTE0LTQ0LTc2LTMwNTsxODgtMTMtNDQtODAtMzA1fDA=
1046,Core6,Day,3,MXwyMDA1NS05LTQtMzItOTk7MjAwODEtOC0yMjktMTMxLTY4OzIwMTk5LTctMjI5LTIyNC02ODsyMDE1NC0xNC00NC03Ni0xNzc7MzA3LTEzLTMyMS0yMjQtNjh8MA==
1046,Core6,Day,4,MXwyMDEyMi05LTQtMzItMTkwOzIwMjkzLTgtNC0zMi0yNzU7MjAyMDUtNy0yNzQtMzItMjM0OzIwMDY1LTE0LTEwNi0zNTYtMTU5OzIwMjI4LTEzLTQwLTMzNS0xNjh8MA==
1046,Core6,Day,5,MXwyMDA1MC05LTI5OC0xNjAtOTA7MTAwMi04LTQ0LTc2LTEyOzE2Mi03LTQ0LTc2LTEyOzIwMDU3LTE0LTEwMC0zMzgtNjA7MjAwNDYtMTMtMjAtMTA1LTI5N3ww
1046,Core6,Day,6,MXwyMDA1Ni05LTQtMTI2LTMyOzIwMDM5LTgtMzM3LTExMS04NjszODctNy00NC03Ni0xMjsyMDExNS0xNC0xOTctMjg2LTY2OzM1MS0xMy00NC03Ni0xMnww
1046,Core6,Day,7,MXwzNTItOS00NC03Ni0xMjsyMDIxNi04LTI3My0zMi0yMzQ7MzY2LTctNDQtNzYtMTI7MjEzLTE0LTIzNC0yMC0xMjsyMDEwMS0xMy05Mi0zNTktMTU2fDA=
1046,Core6,Day,8,MXwyMDAyNi05LTYyLTM0OC0xNTc7MjAxMDMtOC05Mi0zNTgtMTI1OzE1My03LTQ0LTc2LTI2NTsxMDI1LTE0LTQ0LTE4Ni0xMjszMDItMTMtNDQtMjE2LTEyfDA=
1046,Core6,Day,9,MXwyMDEwNC05LTI2MC03Mi0xMjsyMDE0My04LTE5Mi03Mi0xMjsyMDAzMi03LTIzNC03Mi0xMzQ7MjAwNjAtMTQtOC0xMzUtMjM0OzU0LTEzLTMyLTQ0LTkxfDA=
1046,Core6,Day,10,MXwxMTgtOS00LTMyLTI0ODsyMDA2NC04LTEyLTMyLTIzNDsyMDE3MS03LTEyLTMyLTIzNDs2Mi0xNC00LTMyLTEyNzsyMDYtMTMtOC0zMi0yMzR8MA==
1046,Core6,Day,11,MXwyMDIwMC05LTI0MS00LTkwOzM3OC04LTEyLTMxNy0yMzQ7MjAwNTMtNy0xNzAtNC05MDs3My0xNC0yOTUtMzItMjM0OzIwMjUyLTEzLTE3OC00LTkwfDA=
1046,Core6,Day,12,MXwyMDEzNi05LTIzNC03Mi0xMjsyMDA3MS04LTEyLTMyLTIzNDsyMDIzMC03LTIwLTI4Ny05MDsyMDAzNy0xNC0yMC0xMjktOTA7MTI3LTEzLTIzNC0xODItMTJ8MA==
1046,Core6,Day,13,MXwxMzUtOS0yMzQtNzItMjQ5OzEwNi04LTEyLTMyLTIzNDsxMDE5LTctMjM0LTE0Ni0xMjszMDYtMTQtMTItMzItMjM0OzIwMDYzLTEzLTEyLTMyLTIzNHww
1046,Core6,Day,14,MXwxMDMyLTktMTItMzItMjU1OzExOS04LTgtMzItMjM0OzEwMjctNy00LTExMC0xODQ7MjAwOTUtMTQtMjIxLTE1OC05MDsyMDA5NC0xMy0yMTgtMzQzLTEwM3ww
1046,Core6,Day,15,MXwyMDIwMS05LTI2Mi00LTkwOzM3Ny04LTMxOC00LTkwOzI2Ni03LTIwLTQtOTA7NDgtMTQtMjAtMjE3LTkwOzEwMjQtMTMtMjAtNC0xODN8MA==
1046,Core6,Day,16,MXwzNzQtOS0yMC0yMjQtNjg7MzE2LTgtMjAtNC05MDsyNDUtNy00MC03Mi0yNzc7MjAwNDQtMTQtMjAtNC0xMTU7MjAwNTEtMTMtMjAtMTA0LTkwfDA=
1046,Core6,Day,17,MXw3Mi05LTQtMTEwLTE2NTsyMDA0OS04LTIxMi00LTkwOzIwLTctNDAtNzItMTI7MTAyOC0xNC00MC03Mi0xMjszNDUtMTMtMjAtMjI0LTY4fDA=
1046,Core6,Day,18,MXwyMjItOS0yMC0yNDctOTA7MjUzLTgtMjAtMjI0LTY4OzI3Ni03LTIwLTIyNC02ODsyMTUtMTQtMTc1LTExMC00MDsxNi0xMy0yMzYtNzItMTJ8MA==
1046,Core6,Day,19,MXwxOTgtOS0yMC00LTkwOzI0My04LTI4Mi0xMTAtNDA7MzYtNy01OS00LTkwOzI5Ni0xNC0zMzktNC05MDszNTYtMTMtNC0xMTAtMzA5fDA=
1046,Core6,Day,20,MXwxMjgtOS0yMC00LTkwOzEwMzEtOC0yMC00LTI1NDszMTEtNy00MC03Mi0xMjA7MjU3LTE0LTIwLTQtOTA7MTAzMy0xMy0yMC0yNTItNjh8MA==
1046,Core6,Day,21,MXwyOTItOS0yMC0yMjQtNjg7MjM0LTgtNDAtNzItODszNjMtNy00MC03Mi04Ozc3LTE0LTIwLTIyNC02ODsyMTQtMTMtNC0zMTktMzA5fDA=
1046,Core6,Day,22,MXwzMzktOS0yMC0yMjQtNjg7MTA5LTgtMjAtMjI0LTY4OzMxNS03LTQwLTcyLTg7MTEyLTE0LTIwLTIyNC02ODszMTctMTMtMjAtNC0yNTl8MA==
1046,Core6,Day,23,MXwxMDI5LTktNC0yMDMtNDA7Mjc1LTgtMjAtMjI0LTY4OzEwMjAtNy0yMC00LTE0ODsyNy0xNC00MC0xODEtODs4MC0xMy0yMC0yMjAtNjh8MA==
1046,Core6,Day,24,MXw4Ni05LTIwLTI5MC02ODszMzYtOC00MC03Mi04OzMwNC03LTQwLTcyLTg7Mjg2LTE0LTQwLTcyLTg7MTk3LTEzLTIwLTQtMHww
1046,Core6,Day,25,MXwxNzItOS0xNjktMC00MDsxMzctOC00MC03Mi04OzEwNS03LTQtMTczLTMwOTszNjEtMTQtNC0wLTMwOTsxOTQtMTMtMzA0LTAtNDB8MA==
1046,Core6,Day,26,MXwzNDgtOS0yMC00LTA7MzM4LTgtNC0wLTMwOTszMTgtNy00LTAtMzA5OzE4LTE0LTQwLTcyLTE2MzsyOTAtMTMtNC0wLTMwOXww
1046,Core6,Day,27,MXwxNTAtOS0xMjEtNzItODs0My04LTI0Mi00LTA7MTQ4LTctMjAtNC0wOzM0LTE0LTIwLTI3OS0zMTE7MjQ3LTEzLTIwLTQtMHww
1046,Core6,Day,28,MXwxMjktOS0xNjEtMC01ODsyNzAtOC0yMTEtMTA5LTA7MzgxLTctNTAtMTA5LTA7MjM2LTE0LTEwOS0wLTU4OzM0MC0xMy02Ni0wLTU4fDA=
1046,Core6,Day,29,MXwxODEtOS02Ni0wLTU4OzI4Ny04LTY2LTAtNTg7MjItNy01OC03Mi04OzE4Ny0xNC0yODgtMC01ODsxNjUtMTMtNDQtODAtMHww
1046,Core6,Day,30,MXw2MS05LTY2LTAtNTg7MzMwLTgtNjYtMC01ODsyODgtNy02Ni0wLTU4OzIxMS0xNC0yMjctNjYtMDszNDktMTMtNjYtMC01OHww
1046,Core6,Day,31,MXwyNjItOS02Ni0wLTU4OzM4Mi04LTY2LTAtNTg7MjM1LTctMjI3LTY2LTMxMTszMDUtMTQtMjI3LTY2LTA7Mjk3LTEzLTY2LTAtNTh8MA==
1046,Core6,Day,32,MXwzMzctOS0yMjctNjYtMDsyMzctOC04LTAtNTg7MTU1LTctNDQtODAtMDsxODQtMTQtMjI3LTY2LTA7MjAxMTQtMTMtNjYtNzItMjEzfDA=
1046,Core6,Day,33,MXw0Mi05LTIyNy02Ni0zMTE7MzE0LTgtNjYtMC01ODs1OC03LTY2LTAtNTg7MTgzLTE0LTIyNC0yMjctMzU3OzIwMDA4LTEzLTE4MC0yMzgtMzUxfDA=
1046,Core6,Day,34,MXwyMDA5Ny05LTE3OS03Mi01ODsyMDAxMC04LTE1NS03Mi0zNTU7MjAwMDctNy0yMjQtNzItMTcxOzIwMjEyLTE0LTY2LTcyLTMzNDsyMDAwMS0xMy0xMjItNzItNTh8MA==
1046,Core6,Day,35,MXwyNjEtOS0yMjctMzAwLTA7Mjk1LTgtMzY3LTcyLTA7MjAyMjAtNy02Ni03Mi01ODs5Ni0xNC02Ni03Mi0yMzc7MTAxOC0xMy02Ni03Mi0xNDd8MA==
1046,Core6,Day,36,MXwyNDItOS0yNzgtNzItMDsxMDE3LTgtNjYtNzItMTQxOzE0Mi03LTMzMi03Mi0wOzIzMy0xNC0yNjYtNzItMDsxNjYtMTMtMjcwLTcyLTB8MA==
1046,Core6,Day,37,MXwxNzUtOS04LTAtMDs0LTgtMTYtMjcxLTA7MjUwLTctMTYtNzItMDszMjktMTQtMjI3LTAtMDsyMDAwNS0xMy0xNi03Mi0wfDA=
1046,Core6,Day,38,MXwzMDMtOS0xNi03Mi0wOzEzMC04LTE2MS0wLTA7OTktNy0yNjktNzItMDsyMDA5MS0xNC0xNi03Mi0wOzIwMDAyLTEzLTE2LTcyLTB8MA==
1046,Core6,Day,39,MXwxNDYtOS0yMjctMC0wOzE3Ny04LTMwOS0yMjUtMDsxOTYtNy04LTAtMDszMjgtMTQtMzA5LTIyNS0wOzIwNC0xMy0yMjctMC0wfDA=
1046,Core6,Day,40,MXwzNjQtOS0zMDktMjI1LTA7Mjk0LTgtMTYtNzItMDszNTUtNy0zMDktMjI1LTA7NzgtMTQtMjI3LTgtMDsyOS0xMy0zMDktNzItMHww
1046,Core6,Day,41,MXwxMjYtOS0xOTgtNzItMDsyODUtOC0xNi03Mi0wOzM1Ny03LTE2LTcyLTA7MjcyLTE0LTE2LTcyLTA7MTEtMTMtMjkxLTcyLTB8MA==
1046,Core6,Day,42,MXwyNDgtOS0yNDYtNzItMDsyMy04LTMwOS03Mi0wOzEwMDktNy0xMTctNzItMDs4OS0xNC0yMjctOC0wOzExNi0xMy0zMDktNzItMHww
1046,Core6,Day,43,MXw3MC05LTgtMC0wOzMzMS04LTE2LTcyLTA7MzcwLTctMTYtNzItMDszNzktMTQtMTYtNzItMDszLTEzLTE2NC03Mi0wfDA=
1046,Core6,Day,44,MXwzNTgtOS0xNi03Mi0wOzM1NC04LTE2LTcyLTA7MTY4LTctMTYtNzItMDsxNC0xNC0xNi0xOTUtMDsxMy0xMy0xNi05NS0wfDA=
1046,Core6,Day,45,MXw2LTktMTYtOTUtMDsxMi04LTE2LTk1LTA7MTYxLTctMC0wLTA7MTYzLTE0LTAtMC0wOzI2MC0xMy0xNi05NS0wfDA=
1046,Core6,Day,46,MXwxODktOS0wLTAtMDszMjUtOC0wLTAtMDs2OS03LTAtMC0wOzI2OS0xNC0xNi0wLTA7MzA5LTEzLTE2LTAtMHww
1046,Core6,Day,47,MXwzNDYtOS0xNi0wLTA7MzQxLTgtMC0wLTA7MjUxLTctMC0wLTA7MzMzLTE0LTAtMC0wOzI3NC0xMy0wLTAtMHww
1046,Core6,Day,48,MXwzNDctOS0wLTAtMDsxMDM5LTgtMC0wLTA7MTc2LTctMC0wLTA7OTItMTQtMC0wLTA7MTc4LTEzLTAtMC0wfDA=
1046,Core6,Day,49,MXwxOTItOS0wLTAtMDsxNy04LTAtMC0wOzY2LTctMC0wLTA7MzM1LTE0LTAtMC0wOzkzLTEzLTAtMC0wfDA=
1046,Core6,Day,50,MXwxNTgtOS0wLTAtMDsxNzktOC0wLTAtMDszMjQtNy0wLTAtMDszMjAtMTQtMC0wLTA7MTgwLTEzLTAtMC0wfDA=
1046,Core6,Day,51,MXw4NS05LTAtMC0wOzExMC04LTAtMC0wOzEwMzQtNy0wLTAtMDs5OC0xNC0wLTAtMDszNTAtMTMtMC0wLTB8MA==
1046,Core6,Day,52,MXwyMjktOS0wLTAtMDsyOC04LTAtMC0wOzE1Mi03LTAtMC0wOzI3OC0xNC0wLTAtMDsxNjQtMTMtMC0wLTB8MA==
1046,Core6,Day,53,MXwxNS05LTAtMC0wOzE1Ni04LTAtMC0wOzM2Ny03LTAtMC0wOzI4My0xNC0wLTAtMDszNDItMTMtMC0wLTB8MA==
1046,Core6,Day,54,MXwxMDAtOS0wLTAtMDs5LTgtMC0wLTA7MjAzLTctMC0wLTA7MTIzLTE0LTAtMC0wOzkwLTEzLTAtMC0wfDA=
1046,Core6,Day,55,MXwzNzItOS0wLTAtMDsyMS04LTAtMC0wOzEzMS03LTAtMC0wOzI1LTE0LTAtMC0wOzEwMzgtMTMtMC0wLTB8MA==
1046,Core6,Day,56,MXwyODAtOS0wLTAtMDsxMDctOC0wLTAtMDszNjUtNy0wLTAtMDszODUtMTQtMC0wLTA7MjYzLTEzLTAtMC0wfDA=
1046,Core6,Day,57,MXwyMDctOS0wLTAtMDsxMjAtOC0wLTAtMDszMzQtNy0wLTAtMDszMTItMTQtMC0wLTA7MjI2LTEzLTAtMC0wfDA=
1046,Core6,Day,58,MXwyNzMtOS0wLTAtMDsxMzMtOC0wLTAtMDszODgtNy0wLTAtMDs0Ny0xNC0wLTAtMDsyNjQtMTMtMC0wLTB8MA==
1046,Core6,Day,59,MXwzNjItOS0wLTAtMDsxMTEtOC0wLTAtMDsxNjctNy0wLTAtMDsxNDUtMTQtMC0wLTA7MTYwLTEzLTAtMC0wfDA=
1046,Core6,Day,60,MXwxMDIyLTktMC0wLTA7MTAxMC04LTAtMC0wOzE1MS03LTAtMC0wOzI5OS0xNC0wLTAtMDsyMjEtMTMtMC0wLTB8MA==
1046,Core6,Day,61,MXwyODEtOS0wLTAtMDszMjYtOC0wLTAtMDszNTMtNy0wLTAtMDsxMDQxLTE0LTAtMC0wOzE5MC0xMy0wLTAtMHww
1046,Core6,Day,62,MXwzMjEtOS0wLTAtMDszMzItOC0wLTAtMDsxNDEtNy0wLTAtMDszNzYtMTQtMC0wLTA7Mzg0LTEzLTAtMC0wfDA=
1046,Core6,Day,63,MXwxMDIzLTktMC0wLTA7NTktOC0wLTAtMDsxOTEtNy0wLTAtMDszMDEtMTQtMC0wLTA7MzI3LTEzLTAtMC0wfDA=
1046,Core6,Day,64,MXwzMTMtOS0wLTAtMDsxMDItOC0wLTAtMDsyMjctNy0wLTAtMDsyNjctMTQtMC0wLTA7MjkxLTEzLTAtMC0wfDA=
1046,Core6,Day,65,MXwxMDMwLTktMC0wLTA7MzU5LTgtMC0wLTA7MzMtNy0wLTAtMDsxNDQtMTQtMC0wLTA7MTkzLTEzLTAtMC0wfDA=
1046,Core6,Day,66,MXwyMjQtOS0wLTAtMDszNDQtOC0wLTAtMDszNDMtNy0wLTAtMDsyNC0xNC0wLTAtMDsyMDktMTMtMC0wLTB8MA==
1046,Core6,Day,67,MXwyNjUtOS0wLTAtMDsyODktOC0wLTAtMDsxMDM2LTctMC0wLTA7MzkwLTE0LTAtMC0wOzMxLTEzLTAtMC0wfDA=
1046,Core6,Day,68,MXwyMjUtOS0wLTAtMDsyMTgtOC0wLTAtMDsyNTgtNy0wLTAtMDsyOTgtMTQtMC0wLTA7MjU5LTEzLTAtMC0wfDA=
1046,Core6,Day,69,MXwxOS05LTAtMC0wOzIzOS04LTAtMC0wOzE2OS03LTAtMC0wOzM4MC0xNC0wLTAtMDs3NC0xMy0wLTAtMHww
1046,Core6,Day,70,MXwxMDgtOS0wLTAtMDszNzMtOC0wLTAtMDsxMDQzLTctMC0wLTA7MTM0LTE0LTAtMC0wOzEzOC0xMy0wLTAtMHww
1046,Core6,Day,71,MXwyMjMtOS0wLTAtMDsyNzktOC0wLTAtMDsxNzAtNy0wLTAtMDsxMDIxLTE0LTAtMC0wOzIzMS0xMy0wLTAtMHww
1046,Core6,Day,72,MXwzNjAtOS0wLTAtMDsxMjQtOC0wLTAtMDszNS03LTAtMC0wOzIwOC0xNC0wLTAtMDsyNTUtMTMtMC0wLTB8MA==
1046,Core6,Day,73,MXwyNTQtOS0wLTAtMDsyNjgtOC0wLTAtMDszMDgtNy0wLTAtMDs1Mi0xNC0wLTAtMDs2OC0xMy0wLTAtMHww
1046,Core6,Day,74,MXwxMTctOS0wLTAtMDsxODItOC0wLTAtMDsyNTYtNy0wLTAtMDsyODQtMTQtMC0wLTA7MzE5LTEzLTAtMC0wfDA=
1046,Core6,Day,75,MXwzODYtOS0wLTAtMDsxNDctOC0wLTAtMDsyMTctNy0wLTAtMDszMDAtMTQtMC0wLTA7MTIxLTEzLTAtMC0wfDA=
1046,Core6,Day,76,MXwxMDQwLTktMC0wLTA7MzcxLTgtMC0wLTA7NDEtNy0wLTAtMDsxNDktMTQtMC0wLTA7MzgtMTMtMC0wLTB8MA==
1046,Core6,Day,77,MXwxNzQtOS0wLTAtMDsyNDktOC0wLTAtMDsxMDM3LTctMC0wLTA7Mzg5LTE0LTAtMC0wOzgyLTEzLTAtMC0wfDA=
1046,Core6,Day,78,MXwxODUtOS0wLTAtMDsyNDEtOC0wLTAtMDsyNzEtNy0wLTAtMDsxMDI2LTE0LTAtMC0wOzI0MC0xMy0wLTAtMHww
1046,Core6,Day,79,MXwxMDQ0LTktMC0wLTA7NDAtOC0wLTAtMDs4Ny03LTAtMC0wOzg0LTE0LTAtMC0wOzc5LTEzLTAtMC0wfDA=
1046,Core6,Day,80,MXwxOTUtOS0wLTAtMDsxMDAxLTgtMC0wLTA7MjAyLTctMC0wLTA7MjQ0LTE0LTAtMC0wOzMxMC0xMy0wLTAtMHww
1046,Core6,Day,81,MXwxMTMtOS0wLTAtMDsyMTAtOC0wLTAtMDsxMzktNy0wLTAtMDsxMDM1LTE0LTAtMC0wOzE4Ni0xMy0wLTAtMHww
1046,Core6,Day,82,MXwxNDAtOS0wLTAtMDszNjktOC0wLTAtMDszNzUtNy0wLTAtMDszODMtMTQtMC0wLTA7MTA0Mi0xMy0wLTAtMHww
1046,Core6,Day,83,MXwyMzItOS0wLTAtMDsyNzctOC0wLTAtMDszMjItNy0wLTAtMDsxMzItMTQtMC0wLTB8MA==
1048,Core8,Day,1,MXwxODMtOS0yMjQtMjAtMzU3OzIwMDUwLTgtMjk4LTE2MC05MDsyMDA0Ni03LTIwLTEwNS0yOTc7MjAwMzktMTQtMzM3LTExMS04NjsyMDExNC0xMy0zMDUtNzItMjEzfDA=
1048,Core8,Day,2,MXwyNjYtOS0yMC00LTkwOzQtOC0yMjQtMjcxLTU4OzIwMDA4LTctMTgwLTIzOC0zNTE7MjAwOTctMTQtMTc5LTcyLTU4OzIwMDEwLTEzLTE1NS03Mi0zNTV8MA==
1048,Core8,Day,3,MXwyMDAwNy05LTIyNC03Mi0xNzE7MjAyMDAtOC0yNDEtNC05MDsyMDA1My03LTE3MC00LTkwOzEyOC0xNC0yMC00LTkwOzIwMjEyLTEzLTIyNC03Mi0zMzR8MA==
1048,Core8,Day,4,MXwyMDI1Mi05LTE3OC00LTkwOzI3Mi04LTIyNC03Mi01ODsyMDAwMS03LTEyMi03Mi00MDsyMDIzMC0xNC0yMC0yODctOTA7MjAwMzctMTMtMjAtMTI5LTkwfDA=
1048,Core8,Day,5,MXwyMDIyMC05LTIyNC03Mi00MDsyMDA5NS04LTIyMS0xNTgtOTA7MjQyLTctMjc4LTcyLTU4OzIwMjAxLTE0LTI2Mi00LTkwOzM3Ny0xMy0zMTgtNC05MHww
1048,Core8,Day,6,MXw0OC05LTIwLTIxNy05MDsxMDI0LTgtMjAtNC0xODM7MzE2LTctMjAtNC05MDsxNDItMTQtMzMyLTcyLTU4OzIzMy0xMy0yNjYtNzItNTh8MA==
1048,Core8,Day,7,MXwyMDA0NC05LTIwLTQtMTE1OzIwMDUxLTgtMjAtMTA0LTkwOzk2LTctMjI0LTcyLTIzNzsxNjYtMTQtMjcwLTcyLTU4OzEwMTctMTMtMzA1LTcyLTQwfDA=
1048,Core8,Day,8,MXwyNTAtOS0yMjQtNzItNTg7MjAwNDktOC0yMTItNC05MDsxMDE4LTctMzA1LTcyLTE0NzsyMDAwNS0xNC0zMDUtNzItNDA7MzAzLTEzLTMwNS03Mi00MHww
1048,Core8,Day,9,MXwyMjItOS0yMC0yNDctOTA7MjAwOTEtOC0yMjQtNzItNTg7MTk4LTctMjAtNC05MDsyMDAwMi0xNC0yMjQtNzItNTg7MzYtMTMtNTktNC05MHww
1048,Core8,Day,10,MXwyOTYtOS0zMzktNC05MDsyOTQtOC02Ni03Mi00MDsxMDMxLTctMjAtNC0yNTQ7MjU3LTE0LTIwLTQtOTA7OTktMTMtMjI0LTcyLTU4fDA=
1048,Core8,Day,11,MXwyODUtOS0yMjQtNzItNTg7MzU3LTgtMjI0LTcyLTU4OzMxNy03LTIwLTQtMjU5OzIwMjI4LTE0LTQwLTMzNS0xNjg7MTAyMC0xMy0yMC00LTE0OHww
1048,Core8,Day,12,MXwxMDA5LTktMjI0LTcyLTU4OzM3MC04LTIyNC03Mi01ODsyMDEyNS03LTIzOS0xMzItNjg7Mzc5LTE0LTIyNC03Mi01ODsxMjYtMTMtMTk4LTcyLTU4fDA=
1048,Core8,Day,13,MXwyMDExNS05LTE5Ny0yODYtNjY7MjQ4LTgtMjQ2LTcyLTQwOzExLTctMjkxLTcyLTU4OzMzMS0xNC02Ni03Mi01ODsxOTctMTMtMjAtNC0wfDA=
1048,Core8,Day,14,MXwzNTgtOS02Ni03Mi01ODsyMDI4Mi04LTMzNi03Ni0xMjszNTQtNy02Ni03Mi00MDsxNC0xNC02Ni0xOTUtNDA7MjEzLTEzLTIzNC0yMC0xMnww
1048,Core8,Day,15,MXwxNjgtOS02Ni03Mi00MDsyMDEwMS04LTkyLTM1OS0xNTY7MzQ4LTctMjAtNC0wOzIwMDI2LTE0LTYyLTM0OC0xNTc7MjAxMDMtMTMtOTItMzU4LTEyNXww
1048,Core8,Day,16,MXwyMDEwNC05LTI2MC03Mi0xMjs0My04LTI0Mi00LTA7MjAwODgtNy0yMjktMjg1LTEwNzsxNDgtMTQtMjAtNC0wOzM0LTEzLTIwLTI3OS0zMTF8MA==
1048,Core8,Day,17,MXwyMDE0My05LTE5Mi03Mi0xMjsyNDctOC0yMC00LTA7My03LTE2NC03Mi00MDs2LTE0LTY2LTcyLTQwOzIwMDMyLTEzLTIzNC03Mi0xMzR8MA==
1048,Core8,Day,18,MXwyNzAtOS0yMTEtNC0wOzM4MS04LTIwLTQtMDsyMTEtNy0yMC00LTA7MjM1LTE0LTIwLTQtMzExOzMwNS0xMy0yMC00LTB8MA==
1048,Core8,Day,19,MXwzMzctOS0yMC00LTA7MTItOC02Ni03Mi00MDsxMy03LTY2LTcyLTQwOzE4NC0xNC0yMC00LTA7MjAwNzUtMTMtMzQwLTExMi02MXww
1048,Core8,Day,20,MXwyMDEzNi05LTIzNC03Mi0xMjs0Mi04LTIwLTQtMzExOzIwMTU5LTctMjQwLTc2LTEyOzEyNy0xNC0yMzQtMTgyLTEyOzIwMDgxLTEzLTIyOS0xMzEtNjh8MA==
1048,Core8,Day,21,MXwxMzUtOS0yMzQtNzItMjQ5OzI2MS04LTIwLTMwMC0wOzEwMTktNy0yMzQtMTQ2LTEyOzIwMDk0LTE0LTIzNC03Mi0xMjsxNzMtMTMtMjI5LTMxNi02OHww
1048,Core8,Day,22,MXwxODgtOS00NC03Ni0xMjsyMC04LTIzNC03Mi0xMjsxMDI4LTctMjM0LTcyLTEyOzIwMTU0LTE0LTQ0LTc2LTE3NzszMjMtMTMtNDQtNzYtMTJ8MA==
1048,Core8,Day,23,MXwyNDUtOS00MC03Mi0yNzc7MjAxOTktOC0yMjktMTItNjg7MTYtNy0yMzYtNzItMTI7Mzc0LTE0LTIyOS0xMi02ODsyMzQtMTMtMjM0LTcyLTEyfDA=
1048,Core8,Day,24,MXwzMTEtOS0yMzQtNzItMTI7MjctOC0yMzQtMTgxLTEyOzMxNS03LTIzNC03Mi0xMjszNjMtMTQtMjM0LTcyLTEyOzMwNy0xMy0zMjEtMTItNjh8MA==
1048,Core8,Day,25,MXwxMDAyLTktNDQtNzYtMTI7MTYyLTgtNDQtNzYtMTI7Mzg3LTctNDQtNzYtMTI7MzUxLTE0LTQ0LTc2LTEyMDszNTItMTMtNDQtNzYtOHww
1048,Core8,Day,26,MXwzNjYtOS00NC03Ni0zMDg7MzA0LTgtMjM0LTcyLTg7MzM2LTctMjM0LTcyLTg7Mjg2LTE0LTIzNC03Mi04OzE1Ny0xMy00NC0yMzEtOHww
1048,Core8,Day,27,MXwxNTMtOS00NC0yMzEtMjY1OzEwMjUtOC00NC0xODYtODszMDItNy00NC0yMTYtODsxMzctMTQtNDAtNzItODsxNTAtMTMtMjM0LTcyLTh8MA==
1048,Core8,Day,28,MXwzMjktOS0yMC00LTA7MTgtOC0yMzQtNzItODsxNDYtNy0yMC00LTA7MjYwLTE0LTY2LTcyLTA7MjA0LTEzLTIwLTQtMHww
1048,Core8,Day,29,MXwyMi05LTQwLTk1LTg7MjAwNTUtOC00LTMyLTk5OzI2OS03LTY2LTk1LTA7MzQ2LTE0LTY2LTk1LTA7MzA5LTEzLTY2LTk1LTB8MA==
1048,Core8,Day,30,MXwyMDEyMi05LTQtMzItMTkwOzIwMjkzLTgtNC0zMi0yNzU7MjAwNjUtNy0xMDYtMzU2LTE1OTsyMDIwNS0xNC0yNzQtMzItMzA5OzIwMDU3LTEzLTEwMC0zMzgtNjB8MA==
1048,Core8,Day,31,MXwyMDA1Ni05LTQtMTI2LTMyOzEwMzMtOC0yMC0yNTItNjg7MjUzLTctNTAtNC02ODs4MC0xNC0yMjctMjIwLTY4OzM0NS0xMy0yMjctMTA5LTY4fDA=
1048,Core8,Day,32,MXwyNzYtOS0yMjctOC02ODsyOTItOC0yMjctMTA5LTY4Ozg2LTctMjI3LTI5MC02ODs1NC0xNC0zMi00NC05MTsxMTgtMTMtMTA5LTMyLTI0OHww
1048,Core8,Day,33,MXwxMTItOS0yMjctOC02ODszMzktOC0yMjctOC02ODsyMzgtNy0yMjctOC02ODsxMDktMTQtMjI3LTgtNjg7NzctMTMtMjI3LTgtNjh8MA==
1048,Core8,Day,34,MXw3My05LTI5NS0zMi0zMDk7NjItOC02Ni0zMi0xMjc7Mjk1LTctMzY3LTIyNS0wOzI3NS0xNC0yMjctOC02ODsyMDIxNi0xMy0yNzMtMzItNDB8MA==
1048,Core8,Day,35,MXwyMDA2NC05LTEzMC0zMi0xMjE7MTAzMi04LTgtMzItMjU1OzIwMDYwLTctNjYtMTM1LTMwOTsxNjUtMTQtNDQtODAtMDsxMDI3LTEzLTY2LTMyLTE4NHww
1048,Core8,Day,36,MXwyMDA3MS05LTY2LTMyLTIwNTsyMDYtOC02Ni0zMi0zMDk7MTU1LTctNDQtODAtMDsyMTUtMTQtMTc1LTMyLTMwOTsyMDE3MS0xMy02Ni0zMi0zMDl8MA==
1048,Core8,Day,37,MXwzNzgtOS02Ni0zMTctMzA5OzcyLTgtNjYtMzItMTY1OzE5NC03LTMwNC0zMi0zMDk7MjQzLTE0LTI4Mi0xMTAtMzA5OzE3Mi0xMy0xNjktMTEwLTMwOXww
1048,Core8,Day,38,MXwxMTktOS02Ni0xMTAtMzA5OzMwNi04LTY2LTExMC0zMDk7MTAyOS03LTIwMi0xMTAtMzA5OzE3Ny0xNC0zMDktMjI1LTA7MzI4LTEzLTMwOS0yMjUtMHww
1048,Core8,Day,39,MXwyMTQtOS02Ni0zMTktMzA5OzM2NC04LTMwOS0yMjUtMDszNTUtNy0zMDktMC0wOzI5LTE0LTMwOS0wLTA7OTgtMTMtMC0wLTB8MA==
1048,Core8,Day,40,MXwxMjktOS0xNjEtMC0zMDk7MjMtOC0zMDktMC0wOzExNi03LTMwOS0wLTA7MTA2LTE0LTgtMC0zMDk7MzYxLTEzLTgtMC0zMDl8MA==
1048,Core8,Day,41,MXwxMDUtOS04LTE3My0wOzE1LTgtMC0wLTA7NzgtNy0yMjctOC0wOzEwMC0xNC0wLTAtMDs5LTEzLTAtMC0wfDA=
1048,Core8,Day,42,MXw4OS05LTIyNy04LTA7MTIzLTgtMC0wLTA7MTkyLTctMC0wLTA7OTAtMTQtMC0wLTA7MTc5LTEzLTAtMC0wfDA=
1048,Core8,Day,43,MXwxNzUtOS0xNi0wLTA7MTMwLTgtMTYxLTAtMDszMjAtNy0wLTAtMDsxODAtMTQtMC0wLTA7MzQxLTEzLTAtMC0wfDA=
1048,Core8,Day,44,MXwxNjctOS0wLTAtMDsxOTYtOC0xNi0wLTA7MjUxLTctMC0wLTA7MzMzLTE0LTAtMC0wOzM0Ny0xMy0wLTAtMHww
1048,Core8,Day,45,MXwxNzYtOS0wLTAtMDs5Mi04LTAtMC0wOzE2MS03LTAtMC0wOzE3OC0xNC0wLTAtMDs3MC0xMy0xNi0wLTB8MA==
1048,Core8,Day,46,MXwxNjMtOS0wLTAtMDsxNy04LTAtMC0wOzE4OS03LTAtMC0wOzEwMTAtMTQtMC0wLTA7MzI1LTEzLTAtMC0wfDA=
1048,Core8,Day,47,MXw5My05LTAtMC0wOzIyMS04LTAtMC0wOzMzMi03LTAtMC0wOzE0MS0xNC0wLTAtMDsyOC0xMy0wLTAtMHww
1048,Core8,Day,48,MXwzMzQtOS0wLTAtMDszMTItOC0wLTAtMDsyNzMtNy0wLTAtMDsyMjYtMTQtMC0wLTA7Mzg4LTEzLTAtMC0wfDA=
1048,Core8,Day,49,MXw0Ny05LTAtMC0wOzE1OC04LTAtMC0wOzY5LTctMC0wLTA7MTQ1LTE0LTAtMC0wOzg1LTEzLTAtMC0wfDA=
1048,Core8,Day,50,MXwxMTAtOS0wLTAtMDsxMDM0LTgtMC0wLTA7Mjc0LTctMC0wLTA7MjAzLTE0LTAtMC0wOzEwMzktMTMtMC0wLTB8MA==
1048,Core8,Day,51,MXwzNTAtOS0wLTAtMDsyMS04LTAtMC0wOzEzMS03LTAtMC0wOzIyOS0xNC0wLTAtMDsyNS0xMy0wLTAtMHww
1048,Core8,Day,52,MXwyODAtOS0wLTAtMDszMjQtOC0wLTAtMDsxNTItNy0wLTAtMDsyNzgtMTQtMC0wLTA7MTY0LTEzLTAtMC0wfDA=
1048,Core8,Day,53,MXw2Ni05LTAtMC0wOzMzNS04LTAtMC0wOzE1Ni03LTAtMC0wOzM2Ny0xNC0wLTAtMDsyODMtMTMtMC0wLTB8MA==
1048,Core8,Day,54,MXwxMDAxLTktMC0wLTA7MjQ0LTgtMC0wLTA7MjAyLTctMC0wLTA7MzEwLTE0LTAtMC0wOzExMy0xMy0wLTAtMHww
1048,Core8,Day,55,MXwyMTAtOS0wLTAtMDsxMDM1LTgtMC0wLTA7MTM5LTctMC0wLTA7MTQwLTE0LTAtMC0wOzM2OS0xMy0wLTAtMHww
1048,Core8,Day,56,MXwzNzUtOS0wLTAtMDszODMtOC0wLTAtMDsxMDQyLTctMC0wLTA7MTg2LTE0LTAtMC0wOzMyMi0xMy0wLTAtMHww
1048,Core8,Day,57,MXwyMzItOS0wLTAtMDsyNzctOC0wLTAtMDsxMzItNy0wLTAtMDsyMzEtMTQtMC0wLTA7MjYzLTEzLTAtMC0wfDA=
1048,Core8,Day,58,MXwzNDItOS0wLTAtMDszNjAtOC0wLTAtMDsxMjQtNy0wLTAtMDsyNjgtMTQtMC0wLTA7MzUtMTMtMC0wLTB8MA==
1048,Core8,Day,59,MXwxMTctOS0wLTAtMDsxODItOC0wLTAtMDsyNTYtNy0wLTAtMDsyNTUtMTQtMC0wLTA7MjY0LTEzLTAtMC0wfDA=
1048,Core8,Day,60,MXwzMDgtOS0wLTAtMDszNjItOC0wLTAtMDs1Mi03LTAtMC0wOzI4NC0xNC0wLTAtMDszNzYtMTMtMC0wLTB8MA==
1048,Core8,Day,61,MXwxMTEtOS0wLTAtMDsyMTctOC0wLTAtMDsxNDctNy0wLTAtMDs0MS0xNC0wLTAtMDszOC0xMy0wLTAtMHww
1048,Core8,Day,62,MXwzNzEtOS0wLTAtMDsxNzQtOC0wLTAtMDsxMDM3LTctMC0wLTA7MzcyLTE0LTAtMC0wOzM4OS0xMy0wLTAtMHww
1048,Core8,Day,63,MXwxMDIzLTktMC0wLTA7MTAzOC04LTAtMC0wOzM4NC03LTAtMC0wOzI0MS0xNC0wLTAtMDszODUtMTMtMC0wLTB8MA==
1048,Core8,Day,64,MXwxMDctOS0wLTAtMDszNjUtOC0wLTAtMDsyMDctNy0wLTAtMDs1OS0xNC0wLTAtMDs0MC0xMy0wLTAtMHww
1048,Core8,Day,65,MXwxOTEtOS0wLTAtMDsxMDItOC0wLTAtMDsyOTEtNy0wLTAtMDszMDEtMTQtMC0wLTA7MzI3LTEzLTAtMC0wfDA=
1048,Core8,Day,66,MXwyNjctOS0wLTAtMDsxMDMwLTgtMC0wLTA7MzU5LTctMC0wLTA7MTIwLTE0LTAtMC0wOzEwMjItMTMtMC0wLTB8MA==
1048,Core8,Day,67,MXwyMjQtOS0wLTAtMDszMy04LTAtMC0wOzE0NC03LTAtMC0wOzI0LTE0LTAtMC0wOzIwOS0xMy0wLTAtMHww
1048,Core8,Day,68,MXwxMDM2LTktMC0wLTA7MzEtOC0wLTAtMDsxMzMtNy0wLTAtMDsxNTEtMTQtMC0wLTA7MjE4LTEzLTAtMC0wfDA=
1048,Core8,Day,69,MXwyNTktOS0wLTAtMDsxNjAtOC0wLTAtMDsyMjUtNy0wLTAtMDsyOTktMTQtMC0wLTA7MzgwLTEzLTAtMC0wfDA=
1048,Core8,Day,70,MXwxOS05LTAtMC0wOzI4MS04LTAtMC0wOzE2OS03LTAtMC0wOzMyNi0xNC0wLTAtMDszNTMtMTMtMC0wLTB8MA==
1048,Core8,Day,71,MXwxMDQxLTktMC0wLTA7MTkwLTgtMC0wLTA7MzIxLTctMC0wLTA7MTAyMS0xNC0wLTAtMDsyMDgtMTMtMC0wLTB8MA==
1048,Core8,Day,72,MXwyNTQtOS0wLTAtMDszMTktOC0wLTAtMDszODYtNy0wLTAtMDszMDAtMTQtMC0wLTA7MTIxLTEzLTAtMC0wfDA=
1048,Core8,Day,73,MXwzMTMtOS0wLTAtMDsxMDQwLTgtMC0wLTA7MTQ5LTctMC0wLTA7MjI3LTE0LTAtMC0wOzI0OS0xMy0wLTAtMHww
1048,Core8,Day,74,MXw4Mi05LTAtMC0wOzE4NS04LTAtMC0wOzE5My03LTAtMC0wOzI3MS0xNC0wLTAtMDsxMDI2LTEzLTAtMC0wfDA=
1048,Core8,Day,75,MXwyODktOS0wLTAtMDszNDQtOC0wLTAtMDszNDMtNy0wLTAtMDsyNDAtMTQtMC0wLTA7MTA0NC0xMy0wLTAtMHww
1048,Core8,Day,76,MXw4Ny05LTAtMC0wOzg0LTgtMC0wLTA7NzktNy0wLTAtMDsxOTUtMTQtMC0wLTA7MjU4LTEzLTAtMC0wfDA=
1048,Core8,Day,77,MXwyNjUtOS0wLTAtMDsyOTgtOC0wLTAtMDsyMzYtNy0wLTAtMDszOTAtMTQtMC0wLTA7NzQtMTMtMC0wLTB8MA==
1048,Core8,Day,78,MXwyMzktOS0wLTAtMDsxMDgtOC0wLTAtMDsyMjMtNy0wLTAtMDsyNzktMTQtMC0wLTA7MzczLTEzLTAtMC0wfDA=
1048,Core8,Day,79,MXwzNTYtOS0wLTAtMDsxMDQzLTgtMC0wLTA7MTM0LTctMC0wLTA7MTM4LTE0LTAtMC0wOzE3MC0xMy0wLTAtMHww
1048,Core8,Day,80,MXw2OC05LTAtMC0wfDA=
