Area ID,Area Name,Battle Type,Doll ID,Type,Name,Affection,Oathed,Skill1,Skill2,Equip1,Equip2,Equip3,Combat Effectiveness,Predicted Damage,Rank
714,Elementary4,Night,20055,AR,M4A1 Mod,200,1,10,10,Optical,HV Round,Exclusive,8492,743,1
714,Elementary4,Night,183,HG,Contender,100,0,10,0,Silencer,AP Round,T-Exo,4756,653,2
714,Elementary4,Night,20065,AR,416 Mod,200,1,10,10,Optical,HV Round,Exclusive,7405,647,3
714,Elementary4,Night,20097,HG,M950A Mod,200,1,10,10,Exclusive,HP Round,X-Exo,4606,633,4
714,Elementary4,Night,20001,HG,SAA Mod,200,1,10,10,Exclusive,HP Round,T-Exo,4178,574,5
714,Elementary4,Night,20007,HG,Stechkin Mod,150,1,10,10,Silencer,HP Round,T-Exo,4135,568,6
714,Elementary4,Night,54,AR,M16A1,100,0,1,0,HV Round,Armor Plate,Exclusive,6398,559,7
714,Elementary4,Night,62,AR,Gr G41,100,0,10,0,Optical,HV Round,Exclusive,6339,554,8
714,Elementary4,Night,20057,AR,ST AR-15 Mod,200,1,10,10,Optical,Optical,Exclusive,6316,552,9
714,Elementary4,Night,20056,AR,M4 SOPMOD II Mod,200,1,10,10,Optical,Exclusive,HV Round,6291,550,10
714,Elementary4,Night,115,SMG,Suomi,100,0,10,0,T-Exo,HP Round,Red Dot,6085,547,11
714,Elementary4,Night,20101,SMG,UMP9 Mod,200,1,8,8,Exclusive,HP Round,Exclusive,7179,538,12
714,Elementary4,Night,213,SMG,C-MS,100,0,10,0,T-Exo,AP Round,Red Dot,7137,535,13
714,Elementary4,Night,242,HG,P22,100,0,10,0,Silencer,HP Round,X-Exo,3865,531,14
714,Elementary4,Night,20060,AR,AS Val Mod,200,1,10,10,Optical,Exclusive,T-Exo,6030,527,15
714,Elementary4,Night,114,HG,Welrod MkⅡ,100,0,10,0,Silencer,HP Round,T-Exo,3798,522,16
714,Elementary4,Night,250,HG,HS2000,100,0,10,0,Silencer,HP Round,X-Exo,3783,520,17
714,Elementary4,Night,20005,HG,M1895 Mod,150,1,10,10,Silencer,HP Round,T-Exo,3749,515,18
714,Elementary4,Night,20032,SMG,Micro Uzi Mod,200,1,10,10,T-Exo,HP Round,Exclusive,6871,515,19
714,Elementary4,Night,4,HG,Python,100,0,10,0,Silencer,HP Round,T-Exo,3739,514,20
714,Elementary4,Night,96,HG,Grizzly,100,0,10,0,Silencer,HP Round,T-Exo,3737,513,21
714,Elementary4,Night,233,HG,Px4 Storm,100,0,10,0,Silencer,HP Round,X-Exo,3726,512,22
714,Elementary4,Night,1018,HG,Sei Asagiri,100,0,10,0,Silencer,HP Round,Exclusive,3701,508,23
714,Elementary4,Night,20064,AR,Gr G36 Mod,150,1,10,10,Optical,HV Round,T-Exo,5792,506,24
714,Elementary4,Night,142,HG,Five-seven,100,0,10,0,Silencer,HP Round,X-Exo,3674,505,25
714,Elementary4,Night,1017,HG,Jill Stingray,100,0,10,0,Silencer,HP Round,T-Exo,3663,503,26
714,Elementary4,Night,166,HG,CZ75,100,0,10,0,Silencer,HP Round,X-Exo,3645,501,27
714,Elementary4,Night,20103,SMG,UMP45 Mod,200,1,10,10,T-Exo,HP Round,Exclusive,6657,499,28
714,Elementary4,Night,206,AR,AK-12,100,0,10,0,Optical,HV Round,T-Exo,5708,499,29
714,Elementary4,Night,1027,AR,Angelica,100,0,8,0,Optical,HV Round,Exclusive,5712,499,30
714,Elementary4,Night,205,AR,AN-94,100,0,10,0,Optical,HV Round,T-Exo,5688,497,31
714,Elementary4,Night,27,SMG,Skorpion,100,0,10,0,T-Exo,Exclusive,Red Dot,5522,496,32
714,Elementary4,Night,20091,HG,MP-446 Mod,150,1,8,8,Silencer,HP Round,X-Exo,3608,496,33
714,Elementary4,Night,20002,HG,M1911 Mod,150,1,8,8,Silencer,HP Round,Exo,3597,494,34
714,Elementary4,Night,99,HG,Gr Mk23,100,0,10,0,Silencer,HP Round,X-Exo,3528,485,35
714,Elementary4,Night,294,HG,Webley,100,0,10,0,Silencer,HP Round,X-Exo,3525,484,36
714,Elementary4,Night,272,HG,Desert Eagle,100,0,10,0,Silencer,HP Round,X-Exo,3480,478,37
714,Elementary4,Night,285,HG,C-93,100,0,9,0,Silencer,HP Round,X-Exo,3414,469,38
714,Elementary4,Night,20136,SMG,PP-19 Mod,150,1,10,10,X-Exo,HP Round,Red Dot,6235,467,39
714,Elementary4,Night,73,AR,AUG,100,0,10,0,Optical,HV Round,X-Exo,5287,462,40
714,Elementary4,Night,20071,AR,Galil Mod,150,1,8,8,Optical,HV Round,X-Exo,5271,461,41
714,Elementary4,Night,106,AR,FAL,100,0,10,0,Optical,HV Round,X-Exo,5246,459,42
714,Elementary4,Night,215,AR,MDR,100,0,8,0,Exclusive,HV Round,X-Exo,5252,459,43
714,Elementary4,Night,1028,SMG,Agent Vector,100,0,10,0,Exclusive,HP Round,Red Dot,5817,436,44
714,Elementary4,Night,1029,AR,Agent 416,100,0,8,0,Optical,HV Round,Exclusive,4856,424,45
714,Elementary4,Night,20053,RF,NTW-20 Mod,200,1,10,10,Exclusive,Optical,Camo Cloak,7703,385,46
714,Elementary4,Night,20037,RF,M14 Mod,200,1,10,10,AP Round,Exclusive,Camo Cloak,7348,367,47
714,Elementary4,Night,20095,RF,Type88 Mod,200,1,10,10,Exclusive,Exclusive,Camo Cloak,7093,354,48
714,Elementary4,Night,20252,RF,KSVK Mod,150,1,10,10,AP Round,Optical,Camo Cloak,7096,354,49
714,Elementary4,Night,50,RF,Lee Enfield,100,0,10,0,AP Round,Exclusive,Camo Cloak,6968,348,50
714,Elementary4,Night,20051,RF,FF FN49 Mod,200,1,10,10,AP Round,Exclusive,Camo Cloak,6842,342,51
714,Elementary4,Night,1024,RF,Rico,100,0,10,0,AP Round,Optical,Exclusive,6842,342,52
714,Elementary4,Night,48,RF,WA2000,100,0,10,0,AP Round,Optical,Camo Cloak,6735,336,53
714,Elementary4,Night,266,RF,R93,100,0,10,0,AP Round,Optical,Camo Cloak,6645,332,54
714,Elementary4,Night,20044,RF,SV-98 Mod,150,1,8,8,AP Round,Optical,Camo Cloak,6610,330,55
714,Elementary4,Night,36,RF,Springfield,100,0,8,0,Exclusive,Optical,Camo Cloak,6487,324,56
714,Elementary4,Night,128,RF,M99,100,0,10,0,AP Round,Optical,Camo Cloak,6408,320,57
714,Elementary4,Night,197,RF,Carcano M1891,100,0,8,0,AP Round,Optical,Camo Cloak,6290,314,58
714,Elementary4,Night,257,RF,M200,150,1,10,0,AP Round,Optical,Camo Cloak,6294,314,59
714,Elementary4,Night,296,RF,Gr SL8,100,0,8,0,AP Round,Optical,Camo Cloak,6150,307,60
714,Elementary4,Night,46,RF,Kar98k,100,0,8,0,AP Round,Exclusive,Camo Cloak,6104,305,61
714,Elementary4,Night,1020,RF,Stella Hoshii,100,0,10,0,AP Round,Optical,Exclusive,6071,303,62
714,Elementary4,Night,188,SG,S.A.T.8,100,0,10,0,Armor Plate,Buckshot Shell,Red Dot,8040,301,63
714,Elementary4,Night,198,RF,Carcano M91/38,100,0,10,0,AP Round,Optical,Camo Cloak,6038,301,64
714,Elementary4,Night,20154,SG,M500 Mod,150,1,10,10,Armor Plate,Buckshot Shell,Red Dot,7738,290,65
714,Elementary4,Night,1002,SG,Elphelt,100,0,4,0,Armor Plate,Buckshot Shell,Red Dot,7223,270,66
714,Elementary4,Night,162,SG,SPAS-12,100,0,1,0,Armor Plate,Buckshot Shell,Red Dot,7135,267,67
714,Elementary4,Night,157,SG,Am KSG,100,0,8,0,Armor Plate,Buckshot Shell,Red Dot,6911,259,68
714,Elementary4,Night,20075,MG,M1918 Mod,150,1,10,10,AP Round,Optical,Exclusive,9095,227,69
714,Elementary4,Night,20081,MG,LWMMG Mod,150,1,10,10,AP Round,Red Dot,Ammo Box,8660,216,70
714,Elementary4,Night,276,MG,Kord,100,0,10,0,AP Round,Red Dot,Ammo Box,8191,204,71
714,Elementary4,Night,77,MG,M2HB,100,0,10,0,AP Round,Red Dot,Ammo Box,8006,200,72
714,Elementary4,Night,173,MG,PKP,100,0,10,0,AP Round,Red Dot,Ammo Box,8032,200,73
714,Elementary4,Night,112,MG,Negev,100,0,8,0,AP Round,Optical,Ammo Box,7735,193,74
714,Elementary4,Night,275,MG,M1895 CB,100,0,10,0,AP Round,Red Dot,Ammo Box,7757,193,75
714,Elementary4,Night,238,MG,QJY-88,100,0,8,0,AP Round,Red Dot,Ammo Box,7729,193,76
714,Elementary4,Night,153,SG,M37,100,0,1,0,Armor Plate,Buckshot Shell,Red Dot,4681,175,77
714,Elementary4,Night,80,MG,M1919A4,100,0,1,0,AP Round,Red Dot,Ammo Box,5006,125,78
714,Elementary4,Night,1025,SG,Triela,100,0,4,0,Armor Plate,Exclusive,Red Dot,2970,111,79
714,Elementary4,Night,161,SG,Type97S,100,0,1,0,Armor Plate,Buckshot Shell,Red Dot,2203,82,80
714,Elementary4,Night,110,MG,FG42,100,0,1,0,AP Round,Exclusive,Ammo Box,3162,79,81
714,Elementary4,Night,199,MG,Type80,150,1,1,0,AP Round,Red Dot,Ammo Box,3057,76,82
714,Elementary4,Night,155,SG,M590,100,0,1,0,Armor Plate,Buckshot Shell,Red Dot,2016,75,83
714,Elementary4,Night,86,MG,MG42,100,0,1,0,AP Round,Red Dot,Ammo Box,2923,73,84
714,Elementary4,Night,158,SG,KS-23,100,0,1,0,Armor Plate,Exclusive,Red Dot,1316,49,85
714,Elementary4,Night,125,MG,Gr MG4,100,0,1,0,AP Round,Exclusive,Ammo Box,1884,47,86
714,Elementary4,Night,253,MG,Lewis,100,0,4,0,AP Round,Red Dot,Ammo Box,1754,43,87
714,Elementary4,Night,163,SG,AA-12,100,0,1,0,Armor Plate,Exclusive,Holographic,1161,43,88
714,Elementary4,Night,264,MG,Chauchat,100,0,1,0,AP Round,Red Dot,Ammo Box,1557,38,89
714,Elementary4,Night,278,SG,Six12,100,0,1,0,Armor Plate,Buckshot Shell,Holographic,939,35,90
714,Elementary4,Night,325,SG,PM5,100,0,1,0,Armor Plate,Buckshot Shell,Holographic,921,34,91
714,Elementary4,Night,1032,AR,Medusa,50,0,1,0,Holographic,HV Round,Exclusive,392,34,92
714,Elementary4,Night,1030,SMG,Jashin-chan,99,1624,0,1,0,Exclusive,HP Round,Holographic,423,31,93
714,Elementary4,Night,282,SG,DP-12,100,0,4,0,Armor Plate,Buckshot Shell,Holographic,624,23,94
714,Elementary4,Night,307,MG,ZB-26,100,0,4,0,AP Round,Holographic,Ammo Box,771,19,95
714,Elementary4,Night,109,MG,Gr MG5,100,0,1,0,AP Round,Holographic,Ammo Box,765,19,96
714,Elementary4,Night,229,SG,M870,100,0,1,0,Armor Plate,Buckshot Shell,Holographic,487,18,97
714,Elementary4,Night,164,SG,FP-6,100,0,1,0,Armor Plate,Slug Shell,Holographic,468,17,98
714,Elementary4,Night,189,SG,USAS-12,100,0,1,0,Armor Plate,Slug Shell,Holographic,429,16,99
714,Elementary4,Night,1034,SG,Minos,50,0,1,0,Armor Plate,Slug Shell,Exclusive,452,16,100
714,Elementary4,Night,1022,SG,Dana Zane,100,0,1,0,Exclusive,Slug Shell,Optical,402,15,101
714,Elementary4,Night,151,SG,M1887,100,0,1,0,Armor Plate,Slug Shell,Holographic,402,15,102
718,Elementary8,Night,20055,AR,M4A1 Mod,200,1,10,10,Optical,HV Round,Exclusive,8492,1167,1
718,Elementary8,Night,20065,AR,416 Mod,200,1,10,10,Optical,HV Round,Exclusive,7405,1018,2
718,Elementary8,Night,106,AR,FAL,100,0,10,0,Optical,HV Round,T-Exo,5336,880,3
718,Elementary8,Night,54,AR,M16A1,100,0,1,0,HV Round,Armor Plate,Exclusive,6398,879,4
718,Elementary8,Night,73,AR,AUG,100,0,10,0,Optical,HV Round,T-Exo,5321,877,5
718,Elementary8,Night,62,AR,Gr G41,100,0,10,0,Optical,HV Round,Exclusive,6339,871,6
718,Elementary8,Night,20057,AR,ST AR-15 Mod,200,1,10,10,Optical,Optical,Exclusive,6316,868,7
718,Elementary8,Night,20056,AR,M4 SOPMOD II Mod,200,1,10,10,Optical,Exclusive,HV Round,6291,865,8
718,Elementary8,Night,20060,AR,AS Val Mod,200,1,10,10,Optical,Exclusive,T-Exo,6030,829,9
718,Elementary8,Night,20064,AR,Gr G36 Mod,150,1,10,10,Optical,HV Round,T-Exo,5792,796,10
718,Elementary8,Night,1027,AR,Angelica,100,0,8,0,Optical,HV Round,Exclusive,5712,785,11
718,Elementary8,Night,206,AR,AK-12,100,0,10,0,Optical,HV Round,T-Exo,5708,784,12
718,Elementary8,Night,205,AR,AN-94,100,0,10,0,Optical,HV Round,T-Exo,5688,782,13
718,Elementary8,Night,171,AR,Ribeyrolles,100,0,10,0,Optical,HV Round,T-Exo,4481,739,14
718,Elementary8,Night,20071,AR,Galil Mod,150,1,8,8,Optical,HV Round,T-Exo,5355,736,15
718,Elementary8,Night,215,AR,MDR,100,0,8,0,Exclusive,HV Round,T-Exo,5293,727,16
718,Elementary8,Night,119,AR,OTs-14,100,0,10,0,Optical,HV Round,T-Exo,5259,723,17
718,Elementary8,Night,20063,AR,Gr G3 Mod,150,1,9,8,Optical,HV Round,T-Exo,5222,718,18
718,Elementary8,Night,118,AR,9A-91,150,1,10,0,Optical,HV Round,T-Exo,5171,711,19
718,Elementary8,Night,122,AR,Gr G11,150,1,10,0,Optical,HV Round,X-Exo,5150,708,20
718,Elementary8,Night,172,AR,Am RFB,100,0,10,0,Exclusive,HV Round,T-Exo,5013,689,21
718,Elementary8,Night,306,AR,AK-Alfa,100,0,8,0,Optical,HV Round,T-Exo,5017,689,22
718,Elementary8,Night,194,AR,K2,100,0,8,0,Optical,HV Round,T-Exo,4966,682,23
718,Elementary8,Night,1029,AR,Agent 416,100,0,8,0,Optical,Exclusive,T-Exo,4908,674,24
718,Elementary8,Night,183,HG,Contender,100,0,10,0,Silencer,AP Round,T-Exo,4756,653,25
718,Elementary8,Night,20097,HG,M950A Mod,200,1,10,10,Exclusive,HP Round,X-Exo,4606,633,26
718,Elementary8,Night,105,AR,OTs-12,100,0,8,0,Optical,Exclusive,Exo,4490,617,27
718,Elementary8,Night,20075,MG,M1918 Mod,150,1,10,10,AP Round,Optical,Exclusive,9095,568,28
718,Elementary8,Night,20001,HG,SAA Mod,200,1,10,10,Exclusive,HP Round,X-Exo,4131,568,29
718,Elementary8,Night,20007,HG,Stechkin Mod,150,1,10,10,Silencer,HP Round,X-Exo,4121,566,30
718,Elementary8,Night,20081,MG,LWMMG Mod,150,1,10,10,AP Round,Red Dot,Ammo Box,8660,541,31
718,Elementary8,Night,20101,SMG,UMP9 Mod,200,1,8,8,Exclusive,HP Round,Exclusive,7179,538,32
718,Elementary8,Night,242,HG,P22,100,0,10,0,Silencer,HP Round,X-Exo,3865,531,33
718,Elementary8,Night,114,HG,Welrod MkⅡ,100,0,10,0,Silencer,HP Round,X-Exo,3783,520,34
718,Elementary8,Night,250,HG,HS2000,100,0,10,0,Silencer,HP Round,X-Exo,3783,520,35
718,Elementary8,Night,213,SMG,C-MS,100,0,10,0,X-Exo,AP Round,Red Dot,6921,519,36
718,Elementary8,Night,4,HG,Python,100,0,10,0,Silencer,HP Round,X-Exo,3740,514,37
718,Elementary8,Night,233,HG,Px4 Storm,100,0,10,0,Silencer,HP Round,X-Exo,3726,512,38
718,Elementary8,Night,276,MG,Kord,100,0,10,0,AP Round,Red Dot,Ammo Box,8191,511,39
718,Elementary8,Night,20005,HG,M1895 Mod,150,1,10,10,Silencer,HP Round,X-Exo,3710,510,40
718,Elementary8,Night,1018,HG,Sei Asagiri,100,0,10,0,Silencer,HP Round,Exclusive,3701,508,41
718,Elementary8,Night,96,HG,Grizzly,100,0,10,0,Silencer,HP Round,X-Exo,3690,507,42
718,Elementary8,Night,142,HG,Five-seven,100,0,10,0,Silencer,HP Round,X-Exo,3674,505,43
718,Elementary8,Night,20032,SMG,Micro Uzi Mod,200,1,10,10,X-Exo,HP Round,Exclusive,6712,503,44
718,Elementary8,Night,188,SG,S.A.T.8,100,0,10,0,Armor Plate,Buckshot Shell,Red Dot,8040,502,45
718,Elementary8,Night,173,MG,PKP,100,0,10,0,AP Round,Red Dot,Ammo Box,8032,502,46
718,Elementary8,Night,166,HG,CZ75,100,0,10,0,Silencer,HP Round,X-Exo,3645,501,47
718,Elementary8,Night,77,MG,M2HB,100,0,10,0,AP Round,Red Dot,Ammo Box,8006,500,48
718,Elementary8,Night,1017,HG,Jill Stingray,100,0,10,0,Silencer,HP Round,X-Exo,3632,499,49
718,Elementary8,Night,275,MG,M1895 CB,100,0,10,0,AP Round,Red Dot,Ammo Box,7757,484,50
718,Elementary8,Night,20154,SG,M500 Mod,150,1,10,10,Armor Plate,Buckshot Shell,Red Dot,7738,483,51
718,Elementary8,Night,112,MG,Negev,100,0,8,0,AP Round,Optical,Ammo Box,7735,483,52
718,Elementary8,Night,238,MG,QJY-88,100,0,8,0,AP Round,Red Dot,Ammo Box,7729,483,53
718,Elementary8,Night,1002,SG,Elphelt,100,0,4,0,Armor Plate,Buckshot Shell,Red Dot,7223,451,54
718,Elementary8,Night,162,SG,SPAS-12,100,0,1,0,Armor Plate,Buckshot Shell,Red Dot,7135,445,55
718,Elementary8,Night,1028,SMG,Agent Vector,100,0,10,0,Exclusive,HP Round,Red Dot,5817,436,56
718,Elementary8,Night,157,SG,Am KSG,100,0,8,0,Armor Plate,Buckshot Shell,Red Dot,6911,431,57
718,Elementary8,Night,80,MG,M1919A4,100,0,1,0,AP Round,Red Dot,Ammo Box,5006,312,58
718,Elementary8,Night,153,SG,M37,100,0,1,0,Armor Plate,Buckshot Shell,Red Dot,4681,292,59
718,Elementary8,Night,20053,RF,NTW-20 Mod,200,1,10,10,Exclusive,Optical,Camo Cloak,7703,288,60
718,Elementary8,Night,20037,RF,M14 Mod,200,1,10,10,AP Round,Exclusive,Camo Cloak,7348,275,61
718,Elementary8,Night,20252,RF,KSVK Mod,150,1,10,10,AP Round,Optical,Camo Cloak,7096,266,62
718,Elementary8,Night,20095,RF,Type88 Mod,200,1,10,10,Exclusive,Exclusive,Camo Cloak,7093,265,63
718,Elementary8,Night,50,RF,Lee Enfield,100,0,10,0,AP Round,Exclusive,Camo Cloak,6968,261,64
718,Elementary8,Night,20051,RF,FF FN49 Mod,200,1,10,10,AP Round,Exclusive,Camo Cloak,6842,256,65
718,Elementary8,Night,1024,RF,Rico,100,0,10,0,AP Round,Optical,Exclusive,6842,256,66
718,Elementary8,Night,48,RF,WA2000,100,0,10,0,AP Round,Optical,Camo Cloak,6735,252,67
718,Elementary8,Night,266,RF,R93,100,0,10,0,AP Round,Optical,Camo Cloak,6645,249,68
718,Elementary8,Night,20044,RF,SV-98 Mod,150,1,8,8,AP Round,Optical,Camo Cloak,6610,247,69
718,Elementary8,Night,36,RF,Springfield,100,0,8,0,Exclusive,Optical,Camo Cloak,6487,243,70
718,Elementary8,Night,128,RF,M99,100,0,10,0,AP Round,Optical,Camo Cloak,6408,240,71
718,Elementary8,Night,257,RF,M200,150,1,10,0,AP Round,Optical,Camo Cloak,6294,236,72
718,Elementary8,Night,197,RF,Carcano M1891,100,0,8,0,AP Round,Optical,Camo Cloak,6290,235,73
718,Elementary8,Night,296,RF,Gr SL8,100,0,8,0,AP Round,Optical,Camo Cloak,6150,230,74
718,Elementary8,Night,46,RF,Kar98k,100,0,8,0,AP Round,Exclusive,Camo Cloak,6104,228,75
718,Elementary8,Night,1020,RF,Stella Hoshii,100,0,10,0,AP Round,Optical,Exclusive,6071,227,76
718,Elementary8,Night,198,RF,Carcano M91/38,100,0,10,0,AP Round,Optical,Camo Cloak,6038,226,77
718,Elementary8,Night,110,MG,FG42,100,0,1,0,AP Round,Exclusive,Ammo Box,3162,197,78
718,Elementary8,Night,199,MG,Type80,150,1,1,0,AP Round,Red Dot,Ammo Box,3057,191,79
718,Elementary8,Night,1025,SG,Triela,100,0,4,0,Armor Plate,Exclusive,Red Dot,2970,185,80
718,Elementary8,Night,86,MG,MG42,100,0,1,0,AP Round,Red Dot,Ammo Box,2923,182,81
718,Elementary8,Night,161,SG,Type97S,100,0,1,0,Armor Plate,Buckshot Shell,Red Dot,2203,137,82
718,Elementary8,Night,155,SG,M590,100,0,1,0,Armor Plate,Buckshot Shell,Red Dot,2016,126,83
718,Elementary8,Night,125,MG,Gr MG4,100,0,1,0,AP Round,Exclusive,Ammo Box,1884,117,84
718,Elementary8,Night,253,MG,Lewis,100,0,4,0,AP Round,Red Dot,Ammo Box,1754,109,85
718,Elementary8,Night,264,MG,Chauchat,100,0,1,0,AP Round,Red Dot,Ammo Box,1557,97,86
718,Elementary8,Night,158,SG,KS-23,100,0,1,0,Armor Plate,Exclusive,Red Dot,1316,82,87
718,Elementary8,Night,163,SG,AA-12,100,0,1,0,Armor Plate,Exclusive,Holographic,1161,72,88
718,Elementary8,Night,278,SG,Six12,100,0,1,0,Armor Plate,Buckshot Shell,Red Dot,998,62,89
718,Elementary8,Night,325,SG,PM5,100,0,1,0,Armor Plate,Buckshot Shell,Red Dot,987,61,90
718,Elementary8,Night,307,MG,ZB-26,100,0,4,0,AP Round,Red Dot,Ammo Box,867,54,91
718,Elementary8,Night,109,MG,Gr MG5,100,0,1,0,AP Round,Holographic,Ammo Box,765,47,92
718,Elementary8,Night,282,SG,DP-12,100,0,4,0,Armor Plate,Buckshot Shell,Holographic,624,39,93
718,Elementary8,Night,1030,SMG,Jashin-chan,99,1624,0,1,0,Exclusive,HP Round,Holographic,423,31,94
718,Elementary8,Night,1034,SG,Minos,50,0,1,0,Armor Plate,Buckshot Shell,Exclusive,503,31,95
718,Elementary8,Night,229,SG,M870,100,0,1,0,Armor Plate,Slug Shell,Holographic,472,29,96
718,Elementary8,Night,164,SG,FP-6,100,0,1,0,Armor Plate,Slug Shell,Holographic,468,29,97
718,Elementary8,Night,165,SG,M1014,100,0,1,0,Armor Plate,Slug Shell,Holographic,424,26,98
718,Elementary8,Night,189,SG,USAS-12,100,0,1,0,Armor Plate,Slug Shell,Holographic,429,26,99
718,Elementary8,Night,1022,SG,Dana Zane,100,0,1,0,Exclusive,Slug Shell,Holographic,412,25,100
724,Intermediate4,Night,20055,AR,M4A1 Mod,200,1,10,10,Optical,HV Round,Exclusive,8492,1167,1
724,Intermediate4,Night,20065,AR,416 Mod,200,1,10,10,Optical,HV Round,Exclusive,7405,1018,2
724,Intermediate4,Night,20101,SMG,UMP9 Mod,200,1,8,8,Exclusive,HP Round,Exclusive,7179,897,3
724,Intermediate4,Night,213,SMG,C-MS,100,0,10,0,T-Exo,AP Round,Red Dot,7137,892,4
724,Intermediate4,Night,54,AR,M16A1,100,0,1,0,HV Round,Armor Plate,Exclusive,6398,879,5
724,Intermediate4,Night,62,AR,Gr G41,100,0,10,0,Optical,HV Round,Exclusive,6339,871,6
724,Intermediate4,Night,20057,AR,ST AR-15 Mod,200,1,10,10,Optical,Optical,Exclusive,6316,868,7
724,Intermediate4,Night,20056,AR,M4 SOPMOD II Mod,200,1,10,10,Optical,Exclusive,HV Round,6291,865,8
724,Intermediate4,Night,20032,SMG,Micro Uzi Mod,200,1,10,10,T-Exo,HP Round,Exclusive,6871,858,9
724,Intermediate4,Night,20103,SMG,UMP45 Mod,200,1,10,10,T-Exo,HP Round,Exclusive,6657,832,10
724,Intermediate4,Night,20060,AR,AS Val Mod,200,1,10,10,Optical,Exclusive,T-Exo,6030,829,11
724,Intermediate4,Night,20136,SMG,PP-19 Mod,150,1,10,10,T-Exo,HP Round,Red Dot,6456,807,12
724,Intermediate4,Night,20064,AR,Gr G36 Mod,150,1,10,10,Optical,HV Round,T-Exo,5792,796,13
724,Intermediate4,Night,1027,AR,Angelica,100,0,8,0,Optical,HV Round,Exclusive,5712,785,14
724,Intermediate4,Night,206,AR,AK-12,100,0,10,0,Optical,HV Round,T-Exo,5708,784,15
724,Intermediate4,Night,205,AR,AN-94,100,0,10,0,Optical,HV Round,T-Exo,5688,782,16
724,Intermediate4,Night,1019,SMG,Dorothy Haze,150,1,10,0,T-Exo,Exclusive,Red Dot,6228,778,17
724,Intermediate4,Night,20026,SMG,Gr MP5 Mod,150,1,10,10,T-Exo,HP Round,Red Dot,6187,773,18
724,Intermediate4,Night,115,SMG,Suomi,100,0,10,0,T-Exo,HP Round,Red Dot,6085,760,19
724,Intermediate4,Night,127,SMG,Type79,100,0,1,0,T-Exo,Exclusive,Red Dot,6027,753,20
724,Intermediate4,Night,20,SMG,Vector,100,0,10,0,T-Exo,HP Round,Red Dot,6000,750,21
724,Intermediate4,Night,135,SMG,SR-3MP,100,0,10,0,T-Exo,HP Round,Red Dot,5956,744,22
724,Intermediate4,Night,245,SMG,P90,100,0,10,0,T-Exo,HP Round,Red Dot,5908,738,23
724,Intermediate4,Night,20071,AR,Galil Mod,150,1,8,8,Optical,HV Round,T-Exo,5355,736,24
724,Intermediate4,Night,106,AR,FAL,100,0,10,0,Optical,HV Round,T-Exo,5336,733,25
724,Intermediate4,Night,143,SMG,RO635,150,1,10,0,Exo,HP Round,Red Dot,5864,733,26
724,Intermediate4,Night,1028,SMG,Agent Vector,100,0,10,0,Exclusive,HP Round,Red Dot,5817,727,27
724,Intermediate4,Night,73,AR,AUG,100,0,10,0,Optical,HV Round,X-Exo,5287,726,28
724,Intermediate4,Night,215,AR,MDR,100,0,8,0,Exclusive,HV Round,X-Exo,5252,722,29
724,Intermediate4,Night,119,AR,OTs-14,100,0,10,0,Optical,HV Round,X-Exo,5237,720,30
724,Intermediate4,Night,20063,AR,Gr G3 Mod,150,1,9,8,Optical,HV Round,X-Exo,5165,710,31
724,Intermediate4,Night,122,AR,Gr G11,150,1,10,0,Optical,HV Round,X-Exo,5150,708,32
724,Intermediate4,Night,118,AR,9A-91,150,1,10,0,Optical,HV Round,X-Exo,5142,707,33
724,Intermediate4,Night,16,SMG,Thompson,100,0,8,0,X-Exo,HP Round,Red Dot,5475,684,34
724,Intermediate4,Night,172,AR,Am RFB,100,0,10,0,Exclusive,HV Round,X-Exo,4977,684,35
724,Intermediate4,Night,306,AR,AK-Alfa,100,0,8,0,Optical,HV Round,X-Exo,4981,684,36
724,Intermediate4,Night,234,SMG,JS 9,100,0,10,0,X-Exo,HP Round,Red Dot,5468,683,37
724,Intermediate4,Night,311,SMG,Lusa,100,0,8,0,X-Exo,HP Round,Red Dot,5440,680,38
724,Intermediate4,Night,194,AR,K2,100,0,8,0,Optical,HV Round,X-Exo,4915,675,39
724,Intermediate4,Night,27,SMG,Skorpion,100,0,10,0,X-Exo,Exclusive,Red Dot,5364,670,40
724,Intermediate4,Night,1029,AR,Agent 416,100,0,8,0,Optical,HV Round,X-Exo,4856,667,41
724,Intermediate4,Night,104,SMG,Gr G36c,100,0,10,0,X-Exo,HP Round,Red Dot,5301,662,42
724,Intermediate4,Night,183,HG,Contender,100,0,10,0,Silencer,AP Round,X-Exo,4751,653,43
724,Intermediate4,Night,20053,RF,NTW-20 Mod,200,1,10,10,Exclusive,Optical,Camo Cloak,7703,577,44
724,Intermediate4,Night,20037,RF,M14 Mod,200,1,10,10,AP Round,Exclusive,Camo Cloak,7348,551,45
724,Intermediate4,Night,20252,RF,KSVK Mod,150,1,10,10,AP Round,Optical,Camo Cloak,7096,532,46
724,Intermediate4,Night,20095,RF,Type88 Mod,200,1,10,10,Exclusive,Exclusive,Camo Cloak,7093,531,47
724,Intermediate4,Night,50,RF,Lee Enfield,100,0,10,0,AP Round,Exclusive,Camo Cloak,6968,522,48
724,Intermediate4,Night,20051,RF,FF FN49 Mod,200,1,10,10,AP Round,Exclusive,Camo Cloak,6842,513,49
724,Intermediate4,Night,1024,RF,Rico,100,0,10,0,AP Round,Optical,Exclusive,6842,513,50
724,Intermediate4,Night,1018,HG,Sei Asagiri,100,0,10,0,Silencer,HP Round,Exclusive,3701,508,51
724,Intermediate4,Night,48,RF,WA2000,100,0,10,0,AP Round,Optical,Camo Cloak,6735,505,52
724,Intermediate4,Night,188,SG,S.A.T.8,100,0,10,0,Armor Plate,Buckshot Shell,Red Dot,8040,502,53
724,Intermediate4,Night,266,RF,R93,100,0,10,0,AP Round,Optical,Camo Cloak,6645,498,54
724,Intermediate4,Night,20044,RF,SV-98 Mod,150,1,8,8,AP Round,Optical,Camo Cloak,6610,495,55
724,Intermediate4,Night,1017,HG,Jill Stingray,100,0,10,0,Silencer,HP Round,Exclusive,3576,491,56
724,Intermediate4,Night,36,RF,Springfield,100,0,8,0,Exclusive,Optical,Camo Cloak,6487,486,57
724,Intermediate4,Night,20154,SG,M500 Mod,150,1,10,10,Armor Plate,Buckshot Shell,Red Dot,7738,483,58
724,Intermediate4,Night,128,RF,M99,100,0,10,0,AP Round,Optical,Camo Cloak,6408,480,59
724,Intermediate4,Night,257,RF,M200,150,1,10,0,AP Round,Optical,Camo Cloak,6294,472,60
724,Intermediate4,Night,197,RF,Carcano M1891,100,0,8,0,AP Round,Optical,Camo Cloak,6290,471,61
724,Intermediate4,Night,296,RF,Gr SL8,100,0,8,0,AP Round,Optical,Camo Cloak,6150,461,62
724,Intermediate4,Night,46,RF,Kar98k,100,0,8,0,AP Round,Exclusive,Camo Cloak,6104,457,63
724,Intermediate4,Night,1020,RF,Stella Hoshii,100,0,10,0,AP Round,Optical,Exclusive,6071,455,64
724,Intermediate4,Night,198,RF,Carcano M91/38,100,0,10,0,AP Round,Optical,Camo Cloak,6038,452,65
724,Intermediate4,Night,1002,SG,Elphelt,100,0,4,0,Armor Plate,Buckshot Shell,Red Dot,7223,451,66
724,Intermediate4,Night,162,SG,SPAS-12,100,0,1,0,Armor Plate,Buckshot Shell,Red Dot,7135,445,67
724,Intermediate4,Night,157,SG,Am KSG,100,0,8,0,Armor Plate,Buckshot Shell,Red Dot,6911,431,68
724,Intermediate4,Night,20075,MG,M1918 Mod,150,1,10,10,AP Round,Optical,Exclusive,9095,341,69
724,Intermediate4,Night,20081,MG,LWMMG Mod,150,1,10,10,AP Round,Red Dot,Ammo Box,8660,324,70
724,Intermediate4,Night,276,MG,Kord,100,0,10,0,AP Round,Red Dot,Ammo Box,8191,307,71
724,Intermediate4,Night,173,MG,PKP,100,0,10,0,AP Round,Red Dot,Ammo Box,8032,301,72
724,Intermediate4,Night,77,MG,M2HB,100,0,10,0,AP Round,Red Dot,Ammo Box,8006,300,73
724,Intermediate4,Night,153,SG,M37,100,0,1,0,Armor Plate,Buckshot Shell,Red Dot,4681,292,74
724,Intermediate4,Night,112,MG,Negev,100,0,8,0,AP Round,Optical,Ammo Box,7735,290,75
724,Intermediate4,Night,238,MG,QJY-88,100,0,8,0,AP Round,Optical,Ammo Box,7650,286,76
724,Intermediate4,Night,275,MG,M1895 CB,100,0,10,0,AP Round,Holographic,Ammo Box,7417,278,77
724,Intermediate4,Night,1025,SG,Triela,100,0,4,0,Armor Plate,Exclusive,Holographic,2836,177,78
724,Intermediate4,Night,80,MG,M1919A4,100,0,1,0,AP Round,Holographic,Ammo Box,4695,176,79
724,Intermediate4,Night,161,SG,Type97S,100,0,1,0,Armor Plate,Buckshot Shell,Holographic,2106,131,80
724,Intermediate4,Night,155,SG,M590,100,0,1,0,Armor Plate,Buckshot Shell,Holographic,1919,119,81
724,Intermediate4,Night,110,MG,FG42,100,0,1,0,AP Round,Exclusive,Ammo Box,3162,118,82
724,Intermediate4,Night,199,MG,Type80,150,1,1,0,AP Round,Holographic,Ammo Box,2768,103,83
724,Intermediate4,Night,86,MG,MG42,100,0,1,0,AP Round,Holographic,Ammo Box,2598,97,84
724,Intermediate4,Night,158,SG,KS-23,100,0,1,0,Armor Plate,Exclusive,Holographic,1244,77,85
724,Intermediate4,Night,163,SG,AA-12,100,0,1,0,Armor Plate,Exclusive,Holographic,1161,72,86
724,Intermediate4,Night,125,MG,Gr MG4,100,0,1,0,AP Round,Exclusive,Ammo Box,1884,70,87
724,Intermediate4,Night,278,SG,Six12,100,0,1,0,Armor Plate,Buckshot Shell,Holographic,939,58,88
724,Intermediate4,Night,253,MG,Lewis,100,0,4,0,AP Round,Holographic,Ammo Box,1545,57,89
724,Intermediate4,Night,325,SG,PM5,100,0,1,0,Armor Plate,Buckshot Shell,Holographic,921,57,90
724,Intermediate4,Night,1030,SMG,Jashin-chan,99,1624,0,1,0,Exclusive,HP Round,Holographic,423,52,91
724,Intermediate4,Night,264,MG,Chauchat,100,0,1,0,AP Round,Holographic,Ammo Box,1361,51,92
724,Intermediate4,Night,282,SG,DP-12,100,0,4,0,Armor Plate,Buckshot Shell,Holographic,624,39,93
724,Intermediate4,Night,1034,SG,Minos,50,0,1,0,Armor Plate,Buckshot Shell,Exclusive,503,31,94
724,Intermediate4,Night,229,SG,M870,100,0,1,0,Armor Plate,Slug Shell,Holographic,472,29,95
724,Intermediate4,Night,164,SG,FP-6,100,0,1,0,Armor Plate,Slug Shell,Holographic,468,29,96
724,Intermediate4,Night,307,MG,ZB-26,100,0,4,0,AP Round,Holographic,Ammo Box,771,28,97
724,Intermediate4,Night,109,MG,Gr MG5,100,0,1,0,AP Round,Holographic,Ammo Box,765,28,98
724,Intermediate4,Night,165,SG,M1014,100,0,1,0,Armor Plate,Slug Shell,Holographic,424,26,99
724,Intermediate4,Night,189,SG,USAS-12,100,0,1,0,Armor Plate,Slug Shell,Holographic,429,26,100
724,Intermediate4,Night,1022,SG,Dana Zane,100,0,1,0,Exclusive,Slug Shell,Optical,402,25,101
728,Intermediate8,Night,183,HG,Contender,100,0,10,0,Silencer,AP Round,T-Exo,4756,951,1
728,Intermediate8,Night,20097,HG,M950A Mod,200,1,10,10,Exclusive,HP Round,X-Exo,4606,921,2
728,Intermediate8,Night,20101,SMG,UMP9 Mod,200,1,8,8,Exclusive,HP Round,Exclusive,7179,897,3
728,Intermediate8,Night,213,SMG,C-MS,100,0,10,0,T-Exo,AP Round,Red Dot,7137,892,4
728,Intermediate8,Night,20032,SMG,Micro Uzi Mod,200,1,10,10,T-Exo,HP Round,Exclusive,6871,858,5
728,Intermediate8,Night,162,SG,SPAS-12,100,0,1,0,Armor Plate,Buckshot Shell,Red Dot,7135,856,6
728,Intermediate8,Night,20001,HG,SAA Mod,200,1,10,10,Exclusive,HP Round,T-Exo,4178,835,7
728,Intermediate8,Night,20103,SMG,UMP45 Mod,200,1,10,10,T-Exo,HP Round,Exclusive,6657,832,8
728,Intermediate8,Night,20007,HG,Stechkin Mod,150,1,10,10,Silencer,HP Round,T-Exo,4135,827,9
728,Intermediate8,Night,20136,SMG,PP-19 Mod,150,1,10,10,T-Exo,HP Round,Red Dot,6456,807,10
728,Intermediate8,Night,188,SG,S.A.T.8,100,0,10,0,Armor Plate,Buckshot Shell,Red Dot,8040,804,11
728,Intermediate8,Night,1019,SMG,Dorothy Haze,150,1,10,0,T-Exo,Exclusive,Red Dot,6228,778,12
728,Intermediate8,Night,20026,SMG,Gr MP5 Mod,150,1,10,10,T-Exo,HP Round,Red Dot,6187,773,13
728,Intermediate8,Night,20154,SG,M500 Mod,150,1,10,10,Armor Plate,Buckshot Shell,Red Dot,7738,773,14
728,Intermediate8,Night,242,HG,P22,100,0,10,0,Silencer,HP Round,X-Exo,3865,773,15
728,Intermediate8,Night,115,SMG,Suomi,100,0,10,0,T-Exo,HP Round,Red Dot,6085,760,16
728,Intermediate8,Night,114,HG,Welrod MkⅡ,100,0,10,0,Silencer,HP Round,T-Exo,3798,759,17
728,Intermediate8,Night,250,HG,HS2000,100,0,10,0,Silencer,HP Round,X-Exo,3783,756,18
728,Intermediate8,Night,127,SMG,Type79,100,0,1,0,T-Exo,Exclusive,Red Dot,6027,753,19
728,Intermediate8,Night,20,SMG,Vector,100,0,10,0,T-Exo,HP Round,Red Dot,6000,750,20
728,Intermediate8,Night,20005,HG,M1895 Mod,150,1,10,10,Silencer,HP Round,T-Exo,3749,749,21
728,Intermediate8,Night,4,HG,Python,100,0,10,0,Silencer,HP Round,X-Exo,3740,748,22
728,Intermediate8,Night,96,HG,Grizzly,100,0,10,0,Silencer,HP Round,T-Exo,3737,747,23
728,Intermediate8,Night,286,SMG,K-PDW,100,0,1,0,T-Exo,HP Round,Red Dot,4979,746,24
728,Intermediate8,Night,233,HG,Px4 Storm,100,0,10,0,Silencer,HP Round,X-Exo,3726,745,25
728,Intermediate8,Night,135,SMG,SR-3MP,100,0,10,0,T-Exo,HP Round,Red Dot,5956,744,26
728,Intermediate8,Night,20055,AR,M4A1 Mod,200,1,10,10,Optical,HV Round,Exclusive,8492,743,27
728,Intermediate8,Night,1018,HG,Sei Asagiri,100,0,10,0,Silencer,HP Round,Exclusive,3701,740,28
728,Intermediate8,Night,245,SMG,P90,100,0,10,0,Exo,HP Round,Red Dot,5908,738,29
728,Intermediate8,Night,142,HG,Five-seven,100,0,10,0,Silencer,HP Round,X-Exo,3674,734,30
728,Intermediate8,Night,166,HG,CZ75,100,0,10,0,Silencer,HP Round,X-Exo,3645,729,31
728,Intermediate8,Night,1028,SMG,Agent Vector,100,0,10,0,Exclusive,HP Round,Red Dot,5817,727,32
728,Intermediate8,Night,1017,HG,Jill Stingray,100,0,10,0,Silencer,HP Round,X-Exo,3632,726,33
728,Intermediate8,Night,1002,SG,Elphelt,100,0,4,0,Armor Plate,Buckshot Shell,Red Dot,7223,722,34
728,Intermediate8,Night,20091,HG,MP-446 Mod,150,1,8,8,Silencer,HP Round,X-Exo,3608,721,35
728,Intermediate8,Night,20002,HG,M1911 Mod,150,1,8,8,Silencer,HP Round,X-Exo,3587,717,36
728,Intermediate8,Night,143,SMG,RO635,150,1,10,0,X-Exo,HP Round,Red Dot,5655,706,37
728,Intermediate8,Night,99,HG,Gr Mk23,100,0,10,0,Silencer,HP Round,X-Exo,3528,705,38
728,Intermediate8,Night,294,HG,Webley,100,0,10,0,Silencer,HP Round,X-Exo,3525,705,39
728,Intermediate8,Night,272,HG,Desert Eagle,100,0,10,0,Silencer,HP Round,X-Exo,3480,696,40
728,Intermediate8,Night,157,SG,Am KSG,100,0,8,0,Armor Plate,Buckshot Shell,Red Dot,6911,691,41
728,Intermediate8,Night,27,SMG,Skorpion,100,0,10,0,X-Exo,Exclusive,Red Dot,5364,670,42
728,Intermediate8,Night,20065,AR,416 Mod,200,1,10,10,Optical,HV Round,Exclusive,7405,647,43
728,Intermediate8,Night,20053,RF,NTW-20 Mod,200,1,10,10,Exclusive,Optical,Camo Cloak,7703,577,44
728,Intermediate8,Night,54,AR,M16A1,100,0,1,0,HV Round,Armor Plate,Exclusive,6398,559,45
728,Intermediate8,Night,62,AR,Gr G41,100,0,10,0,Optical,HV Round,Exclusive,6339,554,46
728,Intermediate8,Night,20057,AR,ST AR-15 Mod,200,1,10,10,Optical,Optical,Exclusive,6316,552,47
728,Intermediate8,Night,20037,RF,M14 Mod,200,1,10,10,AP Round,Exclusive,Camo Cloak,7348,551,48
728,Intermediate8,Night,20056,AR,M4 SOPMOD II Mod,200,1,10,10,Optical,Exclusive,HV Round,6291,550,49
728,Intermediate8,Night,20252,RF,KSVK Mod,150,1,10,10,AP Round,Optical,Camo Cloak,7096,532,50
728,Intermediate8,Night,20095,RF,Type88 Mod,200,1,10,10,Exclusive,Exclusive,Camo Cloak,7093,531,51
728,Intermediate8,Night,50,RF,Lee Enfield,100,0,10,0,AP Round,Exclusive,Camo Cloak,6968,522,52
728,Intermediate8,Night,20060,AR,AS Val Mod,200,1,10,10,Optical,Exclusive,X-Exo,5959,521,53
728,Intermediate8,Night,20051,RF,FF FN49 Mod,200,1,10,10,AP Round,Exclusive,Camo Cloak,6842,513,54
728,Intermediate8,Night,1024,RF,Rico,100,0,10,0,AP Round,Optical,Exclusive,6842,513,55
728,Intermediate8,Night,48,RF,WA2000,100,0,10,0,AP Round,Optical,Camo Cloak,6735,505,56
728,Intermediate8,Night,1027,AR,Angelica,100,0,8,0,Optical,HV Round,Exclusive,5712,499,57
728,Intermediate8,Night,266,RF,R93,100,0,10,0,AP Round,Optical,Camo Cloak,6645,498,58
728,Intermediate8,Night,20044,RF,SV-98 Mod,150,1,8,8,AP Round,Optical,Camo Cloak,6610,495,59
728,Intermediate8,Night,36,RF,Springfield,100,0,8,0,Exclusive,Optical,Camo Cloak,6487,486,60
728,Intermediate8,Night,128,RF,M99,100,0,10,0,AP Round,Optical,Camo Cloak,6408,480,61
728,Intermediate8,Night,257,RF,M200,150,1,10,0,AP Round,Optical,Camo Cloak,6294,472,62
728,Intermediate8,Night,197,RF,Carcano M1891,100,0,8,0,AP Round,Optical,Camo Cloak,6290,471,63
728,Intermediate8,Night,153,SG,M37,100,0,1,0,Armor Plate,Buckshot Shell,Red Dot,4681,468,64
728,Intermediate8,Night,296,RF,Gr SL8,100,0,8,0,AP Round,Optical,Camo Cloak,6150,461,65
728,Intermediate8,Night,46,RF,Kar98k,100,0,8,0,AP Round,Exclusive,Camo Cloak,6104,457,66
728,Intermediate8,Night,1020,RF,Stella Hoshii,100,0,10,0,AP Round,Optical,Exclusive,6071,455,67
728,Intermediate8,Night,198,RF,Carcano M91/38,100,0,10,0,AP Round,Optical,Camo Cloak,6038,452,68
728,Intermediate8,Night,1029,AR,Agent 416,100,0,8,0,Optical,HV Round,Exclusive,4856,424,69
728,Intermediate8,Night,20075,MG,M1918 Mod,150,1,10,10,AP Round,Optical,Exclusive,9095,341,70
728,Intermediate8,Night,20081,MG,LWMMG Mod,150,1,10,10,AP Round,Red Dot,Ammo Box,8660,324,71
728,Intermediate8,Night,276,MG,Kord,100,0,10,0,AP Round,Red Dot,Ammo Box,8191,307,72
728,Intermediate8,Night,173,MG,PKP,100,0,10,0,AP Round,Red Dot,Ammo Box,8032,301,73
728,Intermediate8,Night,77,MG,M2HB,100,0,10,0,AP Round,Red Dot,Ammo Box,8006,300,74
728,Intermediate8,Night,1025,SG,Triela,100,0,4,0,Armor Plate,Exclusive,Red Dot,2970,297,75
728,Intermediate8,Night,112,MG,Negev,100,0,8,0,AP Round,Optical,Ammo Box,7735,290,76
728,Intermediate8,Night,275,MG,M1895 CB,100,0,10,0,AP Round,Red Dot,Ammo Box,7757,290,77
728,Intermediate8,Night,238,MG,QJY-88,100,0,8,0,AP Round,Red Dot,Ammo Box,7729,289,78
728,Intermediate8,Night,161,SG,Type97S,100,0,1,0,Armor Plate,Buckshot Shell,Holographic,2106,210,79
728,Intermediate8,Night,155,SG,M590,100,0,1,0,Armor Plate,Buckshot Shell,Holographic,1919,191,80
728,Intermediate8,Night,80,MG,M1919A4,100,0,1,0,AP Round,Holographic,Ammo Box,4695,176,81
728,Intermediate8,Night,158,SG,KS-23,100,0,1,0,Armor Plate,Exclusive,Holographic,1244,124,82
728,Intermediate8,Night,110,MG,FG42,100,0,1,0,AP Round,Exclusive,Ammo Box,3162,118,83
728,Intermediate8,Night,163,SG,AA-12,100,0,1,0,Armor Plate,Exclusive,Holographic,1161,116,84
728,Intermediate8,Night,199,MG,Type80,150,1,1,0,AP Round,Holographic,Ammo Box,2768,103,85
728,Intermediate8,Night,86,MG,MG42,100,0,1,0,AP Round,Holographic,Ammo Box,2598,97,86
728,Intermediate8,Night,278,SG,Six12,100,0,1,0,Armor Plate,Buckshot Shell,Holographic,939,93,87
728,Intermediate8,Night,325,SG,PM5,100,0,1,0,Armor Plate,Buckshot Shell,Holographic,921,92,88
728,Intermediate8,Night,125,MG,Gr MG4,100,0,1,0,AP Round,Exclusive,Ammo Box,1884,70,89
728,Intermediate8,Night,282,SG,DP-12,100,0,4,0,Armor Plate,Buckshot Shell,Holographic,624,62,90
728,Intermediate8,Night,253,MG,Lewis,100,0,4,0,AP Round,Holographic,Ammo Box,1545,57,91
728,Intermediate8,Night,164,SG,FP-6,100,0,1,0,Armor Plate,Buckshot Shell,Holographic,483,57,92
728,Intermediate8,Night,264,MG,Chauchat,100,0,1,0,AP Round,Holographic,Ammo Box,1361,51,93
728,Intermediate8,Night,229,SG,M870,100,0,1,0,Armor Plate,Slug Shell,Holographic,472,47,94
728,Intermediate8,Night,1034,SG,Minos,50,0,1,0,Armor Plate,Slug Shell,Exclusive,452,45,95
728,Intermediate8,Night,165,SG,M1014,100,0,1,0,Armor Plate,Slug Shell,Holographic,424,42,96
728,Intermediate8,Night,189,SG,USAS-12,100,0,1,0,Armor Plate,Slug Shell,Holographic,429,42,97
728,Intermediate8,Night,1022,SG,Dana Zane,100,0,1,0,Exclusive,Slug Shell,Holographic,412,41,98
728,Intermediate8,Night,1032,AR,Medusa,50,0,1,0,Holographic,HV Round,Exclusive,392,34,99
728,Intermediate8,Night,307,MG,ZB-26,100,0,4,0,AP Round,Holographic,Ammo Box,771,28,100
728,Intermediate8,Night,109,MG,Gr MG5,100,0,1,0,AP Round,Holographic,Ammo Box,765,28,101
733,Advanced3,Night,183,HG,Contender,100,0,10,0,Silencer,AP Round,T-Exo,4756,951,1
733,Advanced3,Night,20097,HG,M950A Mod,200,1,10,10,Exclusive,HP Round,X-Exo,4606,921,2
733,Advanced3,Night,20053,RF,NTW-20 Mod,200,1,10,10,Exclusive,Optical,Camo Cloak,7703,866,3
733,Advanced3,Night,20001,HG,SAA Mod,200,1,10,10,Exclusive,HP Round,T-Exo,4178,835,4
733,Advanced3,Night,20007,HG,Stechkin Mod,150,1,10,10,Silencer,HP Round,T-Exo,4135,827,5
733,Advanced3,Night,20037,RF,M14 Mod,200,1,10,10,AP Round,Exclusive,Camo Cloak,7348,826,6
733,Advanced3,Night,188,SG,S.A.T.8,100,0,10,0,Armor Plate,Buckshot Shell,Red Dot,8040,804,7
733,Advanced3,Night,20252,RF,KSVK Mod,150,1,10,10,AP Round,Optical,Camo Cloak,7096,798,8
733,Advanced3,Night,20095,RF,Type88 Mod,200,1,10,10,Exclusive,Exclusive,Camo Cloak,7093,797,9
733,Advanced3,Night,50,RF,Lee Enfield,100,0,10,0,AP Round,Exclusive,Camo Cloak,6968,783,10
733,Advanced3,Night,20154,SG,M500 Mod,150,1,10,10,Armor Plate,Buckshot Shell,Red Dot,7738,773,11
733,Advanced3,Night,242,HG,P22,100,0,10,0,Silencer,HP Round,X-Exo,3865,773,12
733,Advanced3,Night,20051,RF,FF FN49 Mod,200,1,10,10,AP Round,Exclusive,Camo Cloak,6842,769,13
733,Advanced3,Night,1024,RF,Rico,100,0,10,0,AP Round,Optical,Exclusive,6842,769,14
733,Advanced3,Night,114,HG,Welrod MkⅡ,100,0,10,0,Silencer,HP Round,T-Exo,3798,759,15
733,Advanced3,Night,48,RF,WA2000,100,0,10,0,AP Round,Optical,Camo Cloak,6735,757,16
733,Advanced3,Night,250,HG,HS2000,100,0,10,0,Silencer,HP Round,X-Exo,3783,756,17
733,Advanced3,Night,168,HG,Spitfire,100,0,8,0,Silencer,HP Round,X-Exo,3147,755,18
733,Advanced3,Night,20005,HG,M1895 Mod,150,1,10,10,Silencer,HP Round,T-Exo,3749,749,19
733,Advanced3,Night,4,HG,Python,100,0,10,0,Silencer,HP Round,X-Exo,3740,748,20
733,Advanced3,Night,96,HG,Grizzly,100,0,10,0,Silencer,HP Round,T-Exo,3737,747,21
733,Advanced3,Night,266,RF,R93,100,0,10,0,AP Round,Optical,Camo Cloak,6645,747,22
733,Advanced3,Night,233,HG,Px4 Storm,100,0,10,0,Silencer,HP Round,X-Exo,3726,745,23
733,Advanced3,Night,20044,RF,SV-98 Mod,150,1,8,8,AP Round,Optical,Camo Cloak,6610,743,24
733,Advanced3,Night,20055,AR,M4A1 Mod,200,1,10,10,Optical,HV Round,Exclusive,8492,743,25
733,Advanced3,Night,1018,HG,Sei Asagiri,100,0,10,0,Silencer,HP Round,Exclusive,3701,740,26
733,Advanced3,Night,142,HG,Five-seven,100,0,10,0,Silencer,HP Round,X-Exo,3674,734,27
733,Advanced3,Night,1017,HG,Jill Stingray,100,0,10,0,Silencer,HP Round,T-Exo,3663,732,28
733,Advanced3,Night,166,HG,CZ75,100,0,10,0,Silencer,HP Round,X-Exo,3645,729,29
733,Advanced3,Night,36,RF,Springfield,100,0,8,0,Exclusive,Optical,Camo Cloak,6487,729,30
733,Advanced3,Night,1002,SG,Elphelt,100,0,4,0,Armor Plate,Buckshot Shell,Red Dot,7223,722,31
733,Advanced3,Night,20091,HG,MP-446 Mod,150,1,8,8,Silencer,HP Round,X-Exo,3608,721,32
733,Advanced3,Night,128,RF,M99,100,0,10,0,AP Round,Optical,Camo Cloak,6408,720,33
733,Advanced3,Night,20002,HG,M1911 Mod,150,1,8,8,Silencer,HP Round,T-Exo,3597,719,34
733,Advanced3,Night,162,SG,SPAS-12,100,0,1,0,Armor Plate,Buckshot Shell,Red Dot,7135,713,35
733,Advanced3,Night,294,HG,Webley,100,0,10,0,Silencer,HP Round,T-Exo,3555,711,36
733,Advanced3,Night,257,RF,M200,150,1,10,0,AP Round,Optical,Camo Cloak,6294,708,37
733,Advanced3,Night,99,HG,Gr Mk23,100,0,10,0,Silencer,HP Round,T-Exo,3539,707,38
733,Advanced3,Night,197,RF,Carcano M1891,100,0,8,0,AP Round,Optical,Camo Cloak,6290,707,39
733,Advanced3,Night,272,HG,Desert Eagle,100,0,10,0,Silencer,HP Round,T-Exo,3481,696,40
733,Advanced3,Night,157,SG,Am KSG,100,0,8,0,Armor Plate,Buckshot Shell,Red Dot,6911,691,41
733,Advanced3,Night,296,RF,Gr SL8,100,0,8,0,AP Round,Optical,Camo Cloak,6150,691,42
733,Advanced3,Night,46,RF,Kar98k,100,0,8,0,AP Round,Exclusive,Camo Cloak,6104,686,43
733,Advanced3,Night,1020,RF,Stella Hoshii,100,0,10,0,AP Round,Optical,Exclusive,6071,682,44
733,Advanced3,Night,285,HG,C-93,100,0,9,0,Silencer,HP Round,X-Exo,3414,682,45
733,Advanced3,Night,198,RF,Carcano M91/38,100,0,10,0,AP Round,Optical,Camo Cloak,6038,679,46
733,Advanced3,Night,1009,HG,El Clear,100,0,10,0,Silencer,HP Round,X-Exo,3301,660,47
733,Advanced3,Night,20065,AR,416 Mod,200,1,10,10,Optical,HV Round,Exclusive,7405,647,48
733,Advanced3,Night,212,HG,K5,100,0,10,0,Silencer,HP Round,X-Exo,3222,644,49
733,Advanced3,Night,14,HG,Astra,100,0,8,0,Silencer,HP Round,T-Exo,3051,610,50
733,Advanced3,Night,11,HG,P08,100,0,1,0,Silencer,HP Round,T-Exo,3037,607,51
733,Advanced3,Night,54,AR,M16A1,100,0,1,0,HV Round,Armor Plate,Exclusive,6398,559,52
733,Advanced3,Night,62,AR,Gr G41,100,0,10,0,Optical,HV Round,Exclusive,6339,554,53
733,Advanced3,Night,20057,AR,ST AR-15 Mod,200,1,10,10,Optical,Optical,Exclusive,6316,552,54
733,Advanced3,Night,20056,AR,M4 SOPMOD II Mod,200,1,10,10,Optical,Exclusive,HV Round,6291,550,55
733,Advanced3,Night,20101,SMG,UMP9 Mod,200,1,8,8,Exclusive,HP Round,Exclusive,7179,538,56
733,Advanced3,Night,213,SMG,C-MS,100,0,10,0,T-Exo,AP Round,Red Dot,7137,535,57
733,Advanced3,Night,20060,AR,AS Val Mod,200,1,10,10,Optical,Exclusive,T-Exo,6030,527,58
733,Advanced3,Night,20032,SMG,Micro Uzi Mod,200,1,10,10,T-Exo,HP Round,Exclusive,6871,515,59
733,Advanced3,Night,20064,AR,Gr G36 Mod,150,1,10,10,Optical,HV Round,T-Exo,5792,506,60
733,Advanced3,Night,20103,SMG,UMP45 Mod,200,1,10,10,Exo,HP Round,Exclusive,6657,499,61
733,Advanced3,Night,206,AR,AK-12,100,0,10,0,Optical,HV Round,X-Exo,5705,499,62
733,Advanced3,Night,1027,AR,Angelica,100,0,8,0,Optical,HV Round,Exclusive,5712,499,63
733,Advanced3,Night,205,AR,AN-94,100,0,10,0,Optical,HV Round,X-Exo,5670,496,64
733,Advanced3,Night,153,SG,M37,100,0,1,0,Armor Plate,Buckshot Shell,Red Dot,4681,468,65
733,Advanced3,Night,20136,SMG,PP-19 Mod,150,1,10,10,X-Exo,HP Round,Red Dot,6235,467,66
733,Advanced3,Night,73,AR,AUG,100,0,10,0,Optical,HV Round,X-Exo,5287,462,67
733,Advanced3,Night,1028,SMG,Agent Vector,100,0,10,0,Exclusive,HP Round,Red Dot,5817,436,68
733,Advanced3,Night,1029,AR,Agent 416,100,0,8,0,Optical,HV Round,Exclusive,4856,424,69
733,Advanced3,Night,20075,MG,M1918 Mod,150,1,10,10,AP Round,Optical,Exclusive,9095,341,70
733,Advanced3,Night,20081,MG,LWMMG Mod,150,1,10,10,AP Round,Red Dot,Ammo Box,8660,324,71
733,Advanced3,Night,276,MG,Kord,100,0,10,0,AP Round,Red Dot,Ammo Box,8191,307,72
733,Advanced3,Night,173,MG,PKP,100,0,10,0,AP Round,Red Dot,Ammo Box,8032,301,73
733,Advanced3,Night,77,MG,M2HB,100,0,10,0,AP Round,Red Dot,Ammo Box,8006,300,74
733,Advanced3,Night,1025,SG,Triela,100,0,4,0,Armor Plate,Exclusive,Red Dot,2970,297,75
733,Advanced3,Night,112,MG,Negev,100,0,8,0,AP Round,Optical,Ammo Box,7735,290,76
733,Advanced3,Night,275,MG,M1895 CB,100,0,10,0,AP Round,Red Dot,Ammo Box,7757,290,77
733,Advanced3,Night,238,MG,QJY-88,100,0,8,0,AP Round,Red Dot,Ammo Box,7729,289,78
733,Advanced3,Night,161,SG,Type97S,100,0,1,0,Armor Plate,Buckshot Shell,Red Dot,2203,220,79
733,Advanced3,Night,155,SG,M590,100,0,1,0,Armor Plate,Buckshot Shell,Red Dot,2016,201,80
733,Advanced3,Night,80,MG,M1919A4,100,0,1,0,AP Round,Red Dot,Ammo Box,5006,187,81
733,Advanced3,Night,158,SG,KS-23,100,0,1,0,Armor Plate,Exclusive,Red Dot,1316,131,82
733,Advanced3,Night,110,MG,FG42,100,0,1,0,AP Round,Exclusive,Ammo Box,3162,118,83
733,Advanced3,Night,163,SG,AA-12,100,0,1,0,Armor Plate,Exclusive,Holographic,1161,116,84
733,Advanced3,Night,199,MG,Type80,150,1,1,0,AP Round,Red Dot,Ammo Box,3057,114,85
733,Advanced3,Night,86,MG,MG42,100,0,1,0,AP Round,Red Dot,Ammo Box,2923,109,86
733,Advanced3,Night,278,SG,Six12,100,0,1,0,Armor Plate,Buckshot Shell,Red Dot,998,99,87
733,Advanced3,Night,325,SG,PM5,100,0,1,0,Armor Plate,Buckshot Shell,Red Dot,987,98,88
733,Advanced3,Night,125,MG,Gr MG4,100,0,1,0,AP Round,Exclusive,Ammo Box,1884,70,89
733,Advanced3,Night,253,MG,Lewis,100,0,4,0,AP Round,Red Dot,Ammo Box,1754,65,90
733,Advanced3,Night,282,SG,DP-12,100,0,4,0,Armor Plate,Buckshot Shell,Red Dot,656,65,91
733,Advanced3,Night,264,MG,Chauchat,100,0,1,0,AP Round,Holographic,Ammo Box,1361,51,92
733,Advanced3,Night,1034,SG,Minos,50,0,1,0,Armor Plate,Buckshot Shell,Exclusive,503,50,93
733,Advanced3,Night,229,SG,M870,100,0,1,0,Armor Plate,Slug Shell,Holographic,472,47,94
733,Advanced3,Night,164,SG,FP-6,100,0,1,0,Armor Plate,Slug Shell,Holographic,468,46,95
733,Advanced3,Night,165,SG,M1014,100,0,1,0,Armor Plate,Slug Shell,Holographic,424,42,96
733,Advanced3,Night,189,SG,USAS-12,100,0,1,0,Armor Plate,Slug Shell,Holographic,429,42,97
733,Advanced3,Night,1022,SG,Dana Zane,100,0,1,0,Exclusive,Slug Shell,Holographic,412,41,98
733,Advanced3,Night,1031,RF,Pekola,50,0,8,0,AP Round,Holographic,Exclusive,325,36,99
733,Advanced3,Night,1032,AR,Medusa,50,0,1,0,Holographic,HV Round,Exclusive,392,34,100
733,Advanced3,Night,1030,SMG,Jashin-chan,99,1624,0,1,0,Exclusive,HP Round,Holographic,423,31,101
733,Advanced3,Night,307,MG,ZB-26,100,0,4,0,AP Round,Holographic,Ammo Box,771,28,102
736,Advanced6,Day,20055,AR,M4A1 Mod,200,1,10,10,Night Equip,HV Round,Exclusive,7607,1426,1
736,Advanced6,Day,20065,AR,416 Mod,200,1,10,10,Night Equip,HV Round,Exclusive,6492,1217,2
736,Advanced6,Day,20057,AR,ST AR-15 Mod,200,1,10,10,Optical,Night Equip,Exclusive,5719,1072,3
736,Advanced6,Day,20056,AR,M4 SOPMOD II Mod,200,1,10,10,Optical,Night Equip,HV Round,5698,1068,4
736,Advanced6,Day,62,AR,Gr G41,100,0,10,0,Night Equip,HV Round,Exclusive,5648,1059,5
736,Advanced6,Day,20060,AR,AS Val Mod,200,1,10,10,Night Equip,Exclusive,T-Exo,5560,1042,6
736,Advanced6,Day,20103,SMG,UMP45 Mod,200,1,10,10,Exclusive,HP Round,Night Equip,6260,1017,7
736,Advanced6,Day,213,SMG,C-MS,100,0,10,0,T-Exo,AP Round,Night Equip,6141,997,8
736,Advanced6,Day,20064,AR,Gr G36 Mod,150,1,10,10,Night Equip,HV Round,T-Exo,5315,996,9
736,Advanced6,Day,20101,SMG,UMP9 Mod,200,1,8,8,T-Exo,HP Round,Night Equip,6061,984,10
736,Advanced6,Day,54,AR,M16A1,100,0,1,0,HV Round,Armor Plate,Exclusive,5203,975,11
736,Advanced6,Day,27,SMG,Skorpion,100,0,10,0,T-Exo,Exclusive,Night Equip,4982,971,12
736,Advanced6,Day,20136,SMG,PP-19 Mod,150,1,10,10,T-Exo,HP Round,Night Equip,5972,970,13
736,Advanced6,Day,206,AR,AK-12,100,0,10,0,Night Equip,HV Round,T-Exo,5167,968,14
736,Advanced6,Day,205,AR,AN-94,100,0,10,0,Night Equip,HV Round,T-Exo,5158,967,15
736,Advanced6,Day,1027,AR,Angelica,100,0,8,0,Night Equip,HV Round,Exclusive,5125,960,16
736,Advanced6,Day,20032,SMG,Micro Uzi Mod,200,1,10,10,T-Exo,HP Round,Night Equip,5883,955,17
736,Advanced6,Day,1019,SMG,Dorothy Haze,150,1,10,0,T-Exo,Exclusive,Night Equip,5749,934,18
736,Advanced6,Day,20071,AR,Galil Mod,150,1,8,8,Night Equip,HV Round,T-Exo,4922,922,19
736,Advanced6,Day,171,AR,Ribeyrolles,100,0,10,0,Night Equip,HV Round,T-Exo,4093,920,20
736,Advanced6,Day,20026,SMG,Gr MP5 Mod,150,1,10,10,T-Exo,HP Round,Night Equip,5651,918,21
736,Advanced6,Day,106,AR,FAL,100,0,10,0,Night Equip,HV Round,T-Exo,4881,915,22
736,Advanced6,Day,73,AR,AUG,100,0,10,0,Night Equip,HV Round,T-Exo,4861,911,23
736,Advanced6,Day,115,SMG,Suomi,100,0,10,0,T-Exo,HP Round,Night Equip,5590,908,24
736,Advanced6,Day,119,AR,OTs-14,100,0,10,0,Night Equip,HV Round,T-Exo,4803,900,25
736,Advanced6,Day,20063,AR,Gr G3 Mod,150,1,9,8,Night Equip,HV Round,Exo,4761,892,26
736,Advanced6,Day,1028,SMG,Agent Vector,100,0,10,0,Exclusive,HP Round,Silencer,4797,779,27
736,Advanced6,Day,245,SMG,P90,100,0,10,0,X-Exo,HP Round,Silencer,4641,754,28
736,Advanced6,Day,135,SMG,SR-3MP,100,0,10,0,X-Exo,HP Round,Silencer,4628,752,29
736,Advanced6,Day,16,SMG,Thompson,100,0,8,0,X-Exo,HP Round,Silencer,4608,748,30
736,Advanced6,Day,143,SMG,RO635,150,1,10,0,X-Exo,HP Round,Silencer,4587,745,31
736,Advanced6,Day,20,SMG,Vector,100,0,10,0,X-Exo,HP Round,Silencer,4560,741,32
736,Advanced6,Day,234,SMG,JS 9,100,0,10,0,X-Exo,HP Round,Silencer,4519,734,33
736,Advanced6,Day,127,SMG,Type79,100,0,1,0,X-Exo,Exclusive,Silencer,4443,721,34
736,Advanced6,Day,311,SMG,Lusa,100,0,8,0,X-Exo,HP Round,Silencer,4442,721,35
736,Advanced6,Day,104,SMG,Gr G36c,100,0,10,0,X-Exo,HP Round,Silencer,4372,710,36
736,Advanced6,Day,118,AR,9A-91,150,1,10,0,Red Dot,HV Round,X-Exo,3319,622,37
736,Advanced6,Day,286,SMG,K-PDW,100,0,1,0,X-Exo,HP Round,Silencer,3814,619,38
736,Advanced6,Day,188,SG,S.A.T.8,100,0,10,0,Armor Plate,Buckshot Shell,Red Dot,6837,598,39
736,Advanced6,Day,122,AR,Gr G11,150,1,10,0,Red Dot,HV Round,X-Exo,3172,594,40
736,Advanced6,Day,20097,HG,M950A Mod,200,1,10,10,Exclusive,HP Round,X-Exo,3381,591,41
736,Advanced6,Day,306,AR,AK-Alfa,100,0,8,0,Red Dot,HV Round,X-Exo,3127,586,42
736,Advanced6,Day,194,AR,K2,100,0,8,0,Red Dot,HV Round,X-Exo,3106,582,43
736,Advanced6,Day,215,AR,MDR,100,0,8,0,Exclusive,HV Round,X-Exo,3099,581,44
736,Advanced6,Day,1029,AR,Agent 416,100,0,8,0,Red Dot,HV Round,Exclusive,3078,577,45
736,Advanced6,Day,20154,SG,M500 Mod,150,1,10,10,Armor Plate,Buckshot Shell,Red Dot,6506,569,46
736,Advanced6,Day,1002,SG,Elphelt,100,0,4,0,Armor Plate,Buckshot Shell,Red Dot,5992,524,47
736,Advanced6,Day,162,SG,SPAS-12,100,0,1,0,Armor Plate,Buckshot Shell,Red Dot,5875,514,48
736,Advanced6,Day,1018,HG,Sei Asagiri,100,0,10,0,Silencer,HP Round,Exclusive,2903,508,49
736,Advanced6,Day,157,SG,Am KSG,100,0,8,0,Armor Plate,Buckshot Shell,Red Dot,5804,507,50
736,Advanced6,Day,1017,HG,Jill Stingray,100,0,10,0,Exclusive,Exclusive,Exclusive,2897,506,51
736,Advanced6,Day,153,SG,M37,100,0,1,0,Armor Plate,Buckshot Shell,Red Dot,3879,339,52
736,Advanced6,Day,20075,MG,M1918 Mod,150,1,10,10,AP Round,Red Dot,Exclusive,4584,229,53
736,Advanced6,Day,20081,MG,LWMMG Mod,150,1,10,10,AP Round,Red Dot,Ammo Box,4246,212,54
736,Advanced6,Day,1025,SG,Triela,100,0,4,0,Armor Plate,Exclusive,Red Dot,2325,203,55
736,Advanced6,Day,20053,RF,NTW-20 Mod,200,1,10,10,Exclusive,Optical,Camo Cloak,4022,201,56
736,Advanced6,Day,112,MG,Negev,100,0,8,0,AP Round,Red Dot,Ammo Box,3940,197,57
736,Advanced6,Day,276,MG,Kord,100,0,10,0,AP Round,Red Dot,Ammo Box,3880,194,58
736,Advanced6,Day,173,MG,PKP,100,0,10,0,AP Round,Red Dot,Ammo Box,3877,193,59
736,Advanced6,Day,238,MG,QJY-88,100,0,8,0,AP Round,Red Dot,Ammo Box,3837,191,60
736,Advanced6,Day,77,MG,M2HB,100,0,10,0,AP Round,Red Dot,Ammo Box,3740,187,61
736,Advanced6,Day,20037,RF,M14 Mod,200,1,10,10,AP Round,Exclusive,Camo Cloak,3749,187,62
736,Advanced6,Day,20252,RF,KSVK Mod,150,1,10,10,AP Round,Optical,Camo Cloak,3745,187,63
736,Advanced6,Day,275,MG,M1895 CB,100,0,10,0,AP Round,Red Dot,Ammo Box,3741,187,64
736,Advanced6,Day,20095,RF,Type88 Mod,200,1,10,10,Exclusive,Exclusive,Camo Cloak,3716,185,65
736,Advanced6,Day,20051,RF,FF FN49 Mod,200,1,10,10,AP Round,Exclusive,Camo Cloak,3445,172,66
736,Advanced6,Day,50,RF,Lee Enfield,100,0,10,0,AP Round,Exclusive,Camo Cloak,3407,170,67
736,Advanced6,Day,266,RF,R93,100,0,10,0,AP Round,Optical,Camo Cloak,3405,170,68
736,Advanced6,Day,20044,RF,SV-98 Mod,150,1,8,8,AP Round,Optical,Camo Cloak,3361,168,69
736,Advanced6,Day,48,RF,WA2000,100,0,10,0,AP Round,Optical,Camo Cloak,3358,167,70
736,Advanced6,Day,1024,RF,Rico,100,0,10,0,AP Round,Optical,Exclusive,3305,165,71
736,Advanced6,Day,257,RF,M200,150,1,10,0,AP Round,Optical,Camo Cloak,3284,164,72
736,Advanced6,Day,128,RF,M99,100,0,10,0,AP Round,Optical,Camo Cloak,3251,162,73
736,Advanced6,Day,197,RF,Carcano M1891,100,0,8,0,AP Round,Optical,Camo Cloak,3237,161,74
736,Advanced6,Day,161,SG,Type97S,100,0,1,0,Armor Plate,Buckshot Shell,Red Dot,1766,154,75
736,Advanced6,Day,1020,RF,Stella Hoshii,100,0,10,0,AP Round,Optical,Exclusive,3098,154,76
736,Advanced6,Day,198,RF,Carcano M91/38,100,0,10,0,AP Round,Optical,Camo Cloak,3084,154,77
736,Advanced6,Day,36,RF,Springfield,100,0,8,0,Exclusive,Optical,Camo Cloak,3023,151,78
736,Advanced6,Day,46,RF,Kar98k,100,0,8,0,AP Round,Exclusive,Camo Cloak,2988,149,79
736,Advanced6,Day,296,RF,Gr SL8,100,0,8,0,AP Round,Optical,Camo Cloak,2994,149,80
736,Advanced6,Day,155,SG,M590,100,0,1,0,Armor Plate,Buckshot Shell,Red Dot,1570,137,81
736,Advanced6,Day,80,MG,M1919A4,100,0,1,0,AP Round,Red Dot,Ammo Box,2259,112,82
736,Advanced6,Day,158,SG,KS-23,100,0,1,0,Armor Plate,Exclusive,Red Dot,1015,88,83
736,Advanced6,Day,163,SG,AA-12,100,0,1,0,Armor Plate,Exclusive,Red Dot,859,75,84
736,Advanced6,Day,110,MG,FG42,100,0,1,0,AP Round,Exclusive,Ammo Box,1314,65,85
736,Advanced6,Day,278,SG,Six12,100,0,1,0,Armor Plate,Buckshot Shell,Red Dot,750,65,86
736,Advanced6,Day,325,SG,PM5,100,0,1,0,Armor Plate,Slug Shell,Holographic,726,63,87
736,Advanced6,Day,1030,SMG,Jashin-chan,99,1624,0,1,0,Exclusive,HP Round,Silencer,355,57,88
736,Advanced6,Day,199,MG,Type80,150,1,1,0,AP Round,Holographic,Ammo Box,1116,55,89
736,Advanced6,Day,86,MG,MG42,100,0,1,0,AP Round,Holographic,Ammo Box,1049,52,90
736,Advanced6,Day,282,SG,DP-12,100,0,4,0,Armor Plate,Buckshot Shell,Holographic,497,43,91
736,Advanced6,Day,125,MG,Gr MG4,100,0,1,0,AP Round,Exclusive,Ammo Box,792,39,92
736,Advanced6,Day,1034,SG,Minos,50,0,1,0,Armor Plate,Buckshot Shell,Exclusive,401,35,93
736,Advanced6,Day,229,SG,M870,100,0,1,0,Armor Plate,Buckshot Shell,Holographic,389,34,94
736,Advanced6,Day,164,SG,FP-6,100,0,1,0,Armor Plate,Slug Shell,Holographic,389,34,95
736,Advanced6,Day,253,MG,Lewis,100,0,4,0,AP Round,Holographic,Ammo Box,676,33,96
736,Advanced6,Day,1022,SG,Dana Zane,100,0,1,0,Armor Plate,Slug Shell,Holographic,344,30,97
736,Advanced6,Day,151,SG,M1887,100,0,1,0,Armor Plate,Slug Shell,Optical,345,30,98
736,Advanced6,Day,264,MG,Chauchat,100,0,1,0,AP Round,Holographic,Ammo Box,589,29,99
736,Advanced6,Day,307,MG,ZB-26,100,0,4,0,AP Round,Holographic,Ammo Box,340,17,100
736,Advanced6,Day,109,MG,Gr MG5,100,0,1,0,AP Round,Holographic,Ammo Box,325,16,101
736,Advanced6,Day,1021,MG,Alma Armas,100,0,4,0,AP Round,Holographic,Ammo Box,300,15,102
738,Advanced8,Night,20055,AR,M4A1 Mod,200,1,10,10,Optical,HV Round,Exclusive,8492,1592,1
738,Advanced8,Night,20065,AR,416 Mod,200,1,10,10,Optical,HV Round,Exclusive,7405,1388,2
738,Advanced8,Night,54,AR,M16A1,100,0,1,0,HV Round,Armor Plate,Exclusive,6398,1199,3
738,Advanced8,Night,62,AR,Gr G41,100,0,10,0,Optical,HV Round,Exclusive,6339,1188,4
738,Advanced8,Night,20057,AR,ST AR-15 Mod,200,1,10,10,Optical,Optical,Exclusive,6316,1184,5
738,Advanced8,Night,20056,AR,M4 SOPMOD II Mod,200,1,10,10,Optical,Exclusive,HV Round,6291,1179,6
738,Advanced8,Night,20060,AR,AS Val Mod,200,1,10,10,Optical,Exclusive,T-Exo,6030,1130,7
738,Advanced8,Night,20064,AR,Gr G36 Mod,150,1,10,10,Optical,HV Round,T-Exo,5792,1086,8
738,Advanced8,Night,1027,AR,Angelica,100,0,8,0,Optical,HV Round,Exclusive,5712,1071,9
738,Advanced8,Night,162,SG,SPAS-12,100,0,1,0,Armor Plate,Buckshot Shell,Red Dot,7135,1070,10
738,Advanced8,Night,206,AR,AK-12,100,0,10,0,Optical,HV Round,T-Exo,5708,1070,11
738,Advanced8,Night,205,AR,AN-94,100,0,10,0,Optical,HV Round,T-Exo,5688,1066,12
738,Advanced8,Night,188,SG,S.A.T.8,100,0,10,0,Armor Plate,Buckshot Shell,Red Dot,8040,1005,13
738,Advanced8,Night,20071,AR,Galil Mod,150,1,8,8,Optical,HV Round,T-Exo,5355,1004,14
738,Advanced8,Night,106,AR,FAL,100,0,10,0,Optical,HV Round,T-Exo,5336,1000,15
738,Advanced8,Night,73,AR,AUG,100,0,10,0,Optical,HV Round,T-Exo,5321,997,16
738,Advanced8,Night,215,AR,MDR,100,0,8,0,Exclusive,HV Round,T-Exo,5293,992,17
738,Advanced8,Night,119,AR,OTs-14,100,0,10,0,Optical,HV Round,T-Exo,5259,986,18
738,Advanced8,Night,20063,AR,Gr G3 Mod,150,1,9,8,Optical,HV Round,T-Exo,5222,979,19
738,Advanced8,Night,118,AR,9A-91,150,1,10,0,Optical,HV Round,T-Exo,5171,969,20
738,Advanced8,Night,20154,SG,M500 Mod,150,1,10,10,Armor Plate,Buckshot Shell,Red Dot,7738,967,21
738,Advanced8,Night,122,AR,Gr G11,150,1,10,0,Optical,HV Round,T-Exo,5149,965,22
738,Advanced8,Night,306,AR,AK-Alfa,100,0,8,0,Optical,HV Round,T-Exo,5017,940,23
738,Advanced8,Night,172,AR,Am RFB,100,0,10,0,Exclusive,HV Round,T-Exo,5013,939,24
738,Advanced8,Night,194,AR,K2,100,0,8,0,Optical,HV Round,T-Exo,4966,931,25
738,Advanced8,Night,1029,AR,Agent 416,100,0,8,0,Optical,HV Round,T-Exo,4908,920,26
738,Advanced8,Night,1002,SG,Elphelt,100,0,4,0,Armor Plate,Buckshot Shell,Red Dot,7223,902,27
738,Advanced8,Night,157,SG,Am KSG,100,0,8,0,Armor Plate,Buckshot Shell,Red Dot,6911,863,28
738,Advanced8,Night,105,AR,OTs-12,100,0,8,0,Optical,Exclusive,T-Exo,4490,841,29
738,Advanced8,Night,183,HG,Contender,100,0,10,0,Silencer,AP Round,Exo,4756,832,30
738,Advanced8,Night,20101,SMG,UMP9 Mod,200,1,8,8,Exclusive,HP Round,Exclusive,7179,807,31
738,Advanced8,Night,20097,HG,M950A Mod,200,1,10,10,Exclusive,HP Round,X-Exo,4606,806,32
738,Advanced8,Night,213,SMG,C-MS,100,0,10,0,X-Exo,AP Round,Red Dot,6921,778,33
738,Advanced8,Night,20053,RF,NTW-20 Mod,200,1,10,10,Exclusive,Optical,Camo Cloak,7703,770,34
738,Advanced8,Night,20032,SMG,Micro Uzi Mod,200,1,10,10,X-Exo,HP Round,Exclusive,6712,755,35
738,Advanced8,Night,20037,RF,M14 Mod,200,1,10,10,AP Round,Exclusive,Camo Cloak,7348,734,36
738,Advanced8,Night,20001,HG,SAA Mod,200,1,10,10,Exclusive,HP Round,X-Exo,4131,722,37
738,Advanced8,Night,20007,HG,Stechkin Mod,150,1,10,10,Silencer,HP Round,X-Exo,4121,721,38
738,Advanced8,Night,20103,SMG,UMP45 Mod,200,1,10,10,X-Exo,HP Round,Red Dot,6357,715,39
738,Advanced8,Night,20095,RF,Type88 Mod,200,1,10,10,Exclusive,Exclusive,Camo Cloak,7093,709,40
738,Advanced8,Night,20252,RF,KSVK Mod,150,1,10,10,AP Round,Optical,Camo Cloak,7096,709,41
738,Advanced8,Night,20136,SMG,PP-19 Mod,150,1,10,10,X-Exo,HP Round,Red Dot,6235,701,42
738,Advanced8,Night,50,RF,Lee Enfield,100,0,10,0,AP Round,Exclusive,Camo Cloak,6968,696,43
738,Advanced8,Night,20051,RF,FF FN49 Mod,200,1,10,10,AP Round,Exclusive,Camo Cloak,6842,684,44
738,Advanced8,Night,1024,RF,Rico,100,0,10,0,AP Round,Optical,Exclusive,6842,684,45
738,Advanced8,Night,20075,MG,M1918 Mod,150,1,10,10,AP Round,Optical,Exclusive,9095,682,46
738,Advanced8,Night,1019,SMG,Dorothy Haze,150,1,10,0,X-Exo,Exclusive,Red Dot,6012,676,47
738,Advanced8,Night,242,HG,P22,100,0,10,0,Silencer,HP Round,X-Exo,3865,676,48
738,Advanced8,Night,20026,SMG,Gr MP5 Mod,150,1,10,10,X-Exo,HP Round,Red Dot,5983,673,49
738,Advanced8,Night,48,RF,WA2000,100,0,10,0,AP Round,Optical,Camo Cloak,6735,673,50
738,Advanced8,Night,266,RF,R93,100,0,10,0,AP Round,Optical,Camo Cloak,6645,664,51
738,Advanced8,Night,114,HG,Welrod MkⅡ,100,0,10,0,Silencer,HP Round,X-Exo,3783,662,52
738,Advanced8,Night,250,HG,HS2000,100,0,10,0,Silencer,HP Round,X-Exo,3783,662,53
738,Advanced8,Night,20044,RF,SV-98 Mod,150,1,8,8,AP Round,Optical,Camo Cloak,6610,661,54
738,Advanced8,Night,4,HG,Python,100,0,10,0,Silencer,HP Round,X-Exo,3740,654,55
738,Advanced8,Night,1028,SMG,Agent Vector,100,0,10,0,Exclusive,HP Round,Red Dot,5817,654,56
738,Advanced8,Night,115,SMG,Suomi,100,0,10,0,X-Exo,HP Round,Red Dot,5802,652,57
738,Advanced8,Night,20,SMG,Vector,100,0,10,0,X-Exo,HP Round,Red Dot,5801,652,58
738,Advanced8,Night,233,HG,Px4 Storm,100,0,10,0,Silencer,HP Round,X-Exo,3726,652,59
738,Advanced8,Night,20081,MG,LWMMG Mod,150,1,10,10,AP Round,Red Dot,Ammo Box,8660,649,60
738,Advanced8,Night,36,RF,Springfield,100,0,8,0,Exclusive,Optical,Camo Cloak,6487,648,61
738,Advanced8,Night,1018,HG,Sei Asagiri,100,0,10,0,Silencer,HP Round,Exclusive,3701,647,62
738,Advanced8,Night,128,RF,M99,100,0,10,0,AP Round,Optical,Camo Cloak,6408,640,63
738,Advanced8,Night,197,RF,Carcano M1891,100,0,8,0,AP Round,Optical,Camo Cloak,6290,629,64
738,Advanced8,Night,257,RF,M200,150,1,10,0,AP Round,Optical,Camo Cloak,6294,629,65
738,Advanced8,Night,1017,HG,Jill Stingray,100,0,10,0,Silencer,HP Round,Exclusive,3576,625,66
738,Advanced8,Night,296,RF,Gr SL8,100,0,8,0,AP Round,Optical,Camo Cloak,6150,615,67
738,Advanced8,Night,276,MG,Kord,100,0,10,0,AP Round,Red Dot,Ammo Box,8191,614,68
738,Advanced8,Night,46,RF,Kar98k,100,0,8,0,AP Round,Exclusive,Camo Cloak,6104,610,69
738,Advanced8,Night,1020,RF,Stella Hoshii,100,0,10,0,AP Round,Optical,Exclusive,6071,607,70
738,Advanced8,Night,198,RF,Carcano M91/38,100,0,10,0,AP Round,Optical,Camo Cloak,6038,603,71
738,Advanced8,Night,173,MG,PKP,100,0,10,0,AP Round,Red Dot,Ammo Box,8032,602,72
738,Advanced8,Night,77,MG,M2HB,100,0,10,0,AP Round,Red Dot,Ammo Box,8006,600,73
738,Advanced8,Night,153,SG,M37,100,0,1,0,Armor Plate,Buckshot Shell,Red Dot,4681,585,74
738,Advanced8,Night,275,MG,M1895 CB,100,0,10,0,AP Round,Red Dot,Ammo Box,7757,581,75
738,Advanced8,Night,112,MG,Negev,100,0,8,0,AP Round,Optical,Ammo Box,7735,580,76
738,Advanced8,Night,238,MG,QJY-88,100,0,8,0,AP Round,Red Dot,Ammo Box,7729,579,77
738,Advanced8,Night,80,MG,M1919A4,100,0,1,0,AP Round,Red Dot,Ammo Box,5006,375,78
738,Advanced8,Night,1025,SG,Triela,100,0,4,0,Armor Plate,Exclusive,Red Dot,2970,371,79
738,Advanced8,Night,161,SG,Type97S,100,0,1,0,Armor Plate,Buckshot Shell,Red Dot,2203,275,80
738,Advanced8,Night,155,SG,M590,100,0,1,0,Armor Plate,Buckshot Shell,Red Dot,2016,252,81
738,Advanced8,Night,110,MG,FG42,100,0,1,0,AP Round,Exclusive,Ammo Box,3162,237,82
738,Advanced8,Night,199,MG,Type80,150,1,1,0,AP Round,Red Dot,Ammo Box,3057,229,83
738,Advanced8,Night,86,MG,MG42,100,0,1,0,AP Round,Red Dot,Ammo Box,2923,219,84
738,Advanced8,Night,158,SG,KS-23,100,0,1,0,Armor Plate,Exclusive,Holographic,1244,155,85
738,Advanced8,Night,163,SG,AA-12,100,0,1,0,Armor Plate,Exclusive,Holographic,1161,145,86
738,Advanced8,Night,125,MG,Gr MG4,100,0,1,0,AP Round,Exclusive,Ammo Box,1884,141,87
738,Advanced8,Night,325,SG,PM5,100,0,1,0,Armor Plate,Buckshot Shell,Holographic,921,138,88
738,Advanced8,Night,264,MG,Chauchat,100,0,1,0,AP Round,Holographic,Ammo Box,1361,122,89
738,Advanced8,Night,278,SG,Six12,100,0,1,0,Armor Plate,Buckshot Shell,Holographic,939,117,90
738,Advanced8,Night,253,MG,Lewis,100,0,4,0,AP Round,Holographic,Ammo Box,1545,115,91
738,Advanced8,Night,282,SG,DP-12,100,0,4,0,Armor Plate,Buckshot Shell,Holographic,624,78,92
738,Advanced8,Night,1034,SG,Minos,50,0,1,0,Armor Plate,Buckshot Shell,Exclusive,503,62,93
738,Advanced8,Night,229,SG,M870,100,0,1,0,Armor Plate,Slug Shell,Holographic,472,59,94
738,Advanced8,Night,164,SG,FP-6,100,0,1,0,Armor Plate,Slug Shell,Holographic,468,58,95
738,Advanced8,Night,307,MG,ZB-26,100,0,4,0,AP Round,Holographic,Ammo Box,771,57,96
738,Advanced8,Night,109,MG,Gr MG5,100,0,1,0,AP Round,Holographic,Ammo Box,765,57,97
738,Advanced8,Night,165,SG,M1014,100,0,1,0,Armor Plate,Slug Shell,Holographic,424,53,98
738,Advanced8,Night,189,SG,USAS-12,100,0,1,0,Armor Plate,Slug Shell,Holographic,429,53,99
738,Advanced8,Night,1022,SG,Dana Zane,100,0,1,0,Exclusive,Slug Shell,Holographic,412,51,100
738,Advanced8,Night,1030,SMG,Jashin-chan,99,1624,0,1,0,Exclusive,HP Round,Holographic,423,47,101
743,Critical3,Night,20055,AR,M4A1 Mod,200,1,10,10,Optical,HV Round,Exclusive,8492,1061,1
743,Critical3,Night,20065,AR,416 Mod,200,1,10,10,Optical,HV Round,Exclusive,7405,925,2
743,Critical3,Night,20101,SMG,UMP9 Mod,200,1,8,8,Exclusive,HP Round,Exclusive,7179,807,3
743,Critical3,Night,213,SMG,C-MS,100,0,10,0,T-Exo,AP Round,Red Dot,7137,802,4
743,Critical3,Night,54,AR,M16A1,100,0,1,0,HV Round,Armor Plate,Exclusive,6398,799,5
743,Critical3,Night,62,AR,Gr G41,100,0,10,0,Optical,HV Round,Exclusive,6339,792,6
743,Critical3,Night,20057,AR,ST AR-15 Mod,200,1,10,10,Optical,Optical,Exclusive,6316,789,7
743,Critical3,Night,20056,AR,M4 SOPMOD II Mod,200,1,10,10,Optical,Exclusive,HV Round,6291,786,8
743,Critical3,Night,20032,SMG,Micro Uzi Mod,200,1,10,10,T-Exo,HP Round,Exclusive,6871,772,9
743,Critical3,Night,20060,AR,AS Val Mod,200,1,10,10,Optical,Exclusive,T-Exo,6030,753,10
743,Critical3,Night,20103,SMG,UMP45 Mod,200,1,10,10,T-Exo,HP Round,Exclusive,6657,748,11
743,Critical3,Night,20136,SMG,PP-19 Mod,150,1,10,10,T-Exo,HP Round,Red Dot,6456,726,12
743,Critical3,Night,157,SG,Am KSG,100,0,8,0,Armor Plate,Buckshot Shell,Red Dot,6911,725,13
743,Critical3,Night,20064,AR,Gr G36 Mod,150,1,10,10,Optical,HV Round,T-Exo,5792,724,14
743,Critical3,Night,1027,AR,Angelica,100,0,8,0,Optical,HV Round,Exclusive,5712,714,15
743,Critical3,Night,206,AR,AK-12,100,0,10,0,Optical,HV Round,T-Exo,5708,713,16
743,Critical3,Night,205,AR,AN-94,100,0,10,0,Optical,HV Round,T-Exo,5688,711,17
743,Critical3,Night,188,SG,S.A.T.8,100,0,10,0,Armor Plate,Buckshot Shell,Red Dot,8040,703,18
743,Critical3,Night,1019,SMG,Dorothy Haze,150,1,10,0,T-Exo,Exclusive,Red Dot,6228,700,19
743,Critical3,Night,20026,SMG,Gr MP5 Mod,150,1,10,10,T-Exo,HP Round,Red Dot,6187,696,20
743,Critical3,Night,115,SMG,Suomi,100,0,10,0,T-Exo,HP Round,Red Dot,6085,684,21
743,Critical3,Night,127,SMG,Type79,100,0,1,0,T-Exo,Exclusive,Red Dot,6027,678,22
743,Critical3,Night,20154,SG,M500 Mod,150,1,10,10,Armor Plate,Buckshot Shell,Red Dot,7738,677,23
743,Critical3,Night,20,SMG,Vector,100,0,10,0,T-Exo,HP Round,Red Dot,6000,675,24
743,Critical3,Night,135,SMG,SR-3MP,100,0,10,0,T-Exo,HP Round,Red Dot,5956,670,25
743,Critical3,Night,20071,AR,Galil Mod,150,1,8,8,Optical,HV Round,T-Exo,5355,669,26
743,Critical3,Night,106,AR,FAL,100,0,10,0,Optical,HV Round,T-Exo,5336,667,27
743,Critical3,Night,73,AR,AUG,100,0,10,0,Optical,HV Round,T-Exo,5321,665,28
743,Critical3,Night,245,SMG,P90,100,0,10,0,Exo,HP Round,Red Dot,5908,664,29
743,Critical3,Night,215,AR,MDR,100,0,8,0,Exclusive,HV Round,X-Exo,5252,656,30
743,Critical3,Night,119,AR,OTs-14,100,0,10,0,Optical,HV Round,X-Exo,5237,654,31
743,Critical3,Night,1028,SMG,Agent Vector,100,0,10,0,Exclusive,HP Round,Red Dot,5817,654,32
743,Critical3,Night,20063,AR,Gr G3 Mod,150,1,9,8,Optical,HV Round,X-Exo,5165,645,33
743,Critical3,Night,122,AR,Gr G11,150,1,10,0,Optical,HV Round,X-Exo,5150,643,34
743,Critical3,Night,118,AR,9A-91,150,1,10,0,Optical,HV Round,X-Exo,5142,642,35
743,Critical3,Night,143,SMG,RO635,150,1,10,0,X-Exo,HP Round,Red Dot,5655,636,36
743,Critical3,Night,1002,SG,Elphelt,100,0,4,0,Armor Plate,Buckshot Shell,Red Dot,7223,632,37
743,Critical3,Night,162,SG,SPAS-12,100,0,1,0,Armor Plate,Buckshot Shell,Red Dot,7135,624,38
743,Critical3,Night,172,AR,Am RFB,100,0,10,0,Exclusive,HV Round,X-Exo,4977,622,39
743,Critical3,Night,306,AR,AK-Alfa,100,0,8,0,Optical,HV Round,X-Exo,4981,622,40
743,Critical3,Night,16,SMG,Thompson,100,0,8,0,X-Exo,HP Round,Red Dot,5475,615,41
743,Critical3,Night,234,SMG,JS 9,100,0,10,0,X-Exo,HP Round,Red Dot,5468,615,42
743,Critical3,Night,194,AR,K2,100,0,8,0,Optical,HV Round,X-Exo,4915,614,43
743,Critical3,Night,311,SMG,Lusa,100,0,8,0,X-Exo,HP Round,Red Dot,5440,612,44
743,Critical3,Night,1029,AR,Agent 416,100,0,8,0,Optical,HV Round,X-Exo,4856,607,45
743,Critical3,Night,27,SMG,Skorpion,100,0,10,0,X-Exo,Exclusive,Red Dot,5364,603,46
743,Critical3,Night,104,SMG,Gr G36c,100,0,10,0,X-Exo,HP Round,Red Dot,5301,596,47
743,Critical3,Night,105,AR,OTs-12,100,0,8,0,Optical,Exclusive,X-Exo,4487,560,48
743,Critical3,Night,173,MG,PKP,100,0,10,0,AP Round,Red Dot,Ammo Box,8032,481,49
743,Critical3,Night,238,MG,QJY-88,100,0,8,0,AP Round,Red Dot,Ammo Box,7729,463,50
743,Critical3,Night,20075,MG,M1918 Mod,150,1,10,10,AP Round,Optical,Exclusive,9095,454,51
743,Critical3,Night,20081,MG,LWMMG Mod,150,1,10,10,AP Round,Red Dot,Ammo Box,8660,433,52
743,Critical3,Night,153,SG,M37,100,0,1,0,Armor Plate,Buckshot Shell,Red Dot,4681,409,53
743,Critical3,Night,276,MG,Kord,100,0,10,0,AP Round,Red Dot,Ammo Box,8191,409,54
743,Critical3,Night,112,MG,Negev,100,0,8,0,AP Round,Optical,Ammo Box,7735,386,55
743,Critical3,Night,20053,RF,NTW-20 Mod,200,1,10,10,Exclusive,Optical,Camo Cloak,7703,385,56
743,Critical3,Night,77,MG,M2HB,100,0,10,0,AP Round,Holographic,Ammo Box,7435,371,57
743,Critical3,Night,275,MG,M1895 CB,100,0,10,0,AP Round,Holographic,Ammo Box,7417,370,58
743,Critical3,Night,20037,RF,M14 Mod,200,1,10,10,AP Round,Exclusive,Camo Cloak,7348,367,59
743,Critical3,Night,20095,RF,Type88 Mod,200,1,10,10,Exclusive,Exclusive,Camo Cloak,7093,354,60
743,Critical3,Night,20252,RF,KSVK Mod,150,1,10,10,AP Round,Optical,Camo Cloak,7096,354,61
743,Critical3,Night,50,RF,Lee Enfield,100,0,10,0,AP Round,Exclusive,Camo Cloak,6968,348,62
743,Critical3,Night,20051,RF,FF FN49 Mod,200,1,10,10,AP Round,Exclusive,Camo Cloak,6842,342,63
743,Critical3,Night,1024,RF,Rico,100,0,10,0,AP Round,Optical,Exclusive,6842,342,64
743,Critical3,Night,48,RF,WA2000,100,0,10,0,AP Round,Optical,Camo Cloak,6735,336,65
743,Critical3,Night,266,RF,R93,100,0,10,0,AP Round,Optical,Camo Cloak,6645,332,66
743,Critical3,Night,20044,RF,SV-98 Mod,150,1,8,8,AP Round,Optical,Camo Cloak,6610,330,67
743,Critical3,Night,36,RF,Springfield,100,0,8,0,Exclusive,Optical,Camo Cloak,6487,324,68
743,Critical3,Night,1018,HG,Sei Asagiri,100,0,10,0,Silencer,HP Round,Exclusive,3701,323,69
743,Critical3,Night,128,RF,M99,100,0,10,0,AP Round,Optical,Camo Cloak,6408,320,70
743,Critical3,Night,197,RF,Carcano M1891,100,0,8,0,AP Round,Optical,Camo Cloak,6290,314,71
743,Critical3,Night,257,RF,M200,150,1,10,0,AP Round,Optical,Camo Cloak,6294,314,72
743,Critical3,Night,1017,HG,Jill Stingray,100,0,10,0,Silencer,HP Round,Exclusive,3576,312,73
743,Critical3,Night,296,RF,Gr SL8,100,0,8,0,AP Round,Optical,Camo Cloak,6150,307,74
743,Critical3,Night,46,RF,Kar98k,100,0,8,0,AP Round,Exclusive,Camo Cloak,6104,305,75
743,Critical3,Night,1020,RF,Stella Hoshii,100,0,10,0,AP Round,Optical,Exclusive,6071,303,76
743,Critical3,Night,198,RF,Carcano M91/38,100,0,10,0,AP Round,Optical,Camo Cloak,6038,301,77
743,Critical3,Night,1025,SG,Triela,100,0,4,0,Armor Plate,Exclusive,Holographic,2836,248,78
743,Critical3,Night,80,MG,M1919A4,100,0,1,0,AP Round,Holographic,Ammo Box,4695,234,79
743,Critical3,Night,161,SG,Type97S,100,0,1,0,Armor Plate,Buckshot Shell,Holographic,2106,184,80
743,Critical3,Night,155,SG,M590,100,0,1,0,Armor Plate,Buckshot Shell,Holographic,1919,167,81
743,Critical3,Night,110,MG,FG42,100,0,1,0,AP Round,Exclusive,Ammo Box,3162,158,82
743,Critical3,Night,199,MG,Type80,150,1,1,0,AP Round,Holographic,Ammo Box,2768,138,83
743,Critical3,Night,86,MG,MG42,100,0,1,0,AP Round,Holographic,Ammo Box,2598,129,84
743,Critical3,Night,158,SG,KS-23,100,0,1,0,Armor Plate,Exclusive,Holographic,1244,108,85
743,Critical3,Night,163,SG,AA-12,100,0,1,0,Armor Plate,Exclusive,Holographic,1161,101,86
743,Critical3,Night,125,MG,Gr MG4,100,0,1,0,AP Round,Exclusive,Ammo Box,1884,94,87
743,Critical3,Night,278,SG,Six12,100,0,1,0,Armor Plate,Buckshot Shell,Holographic,939,82,88
743,Critical3,Night,325,SG,PM5,100,0,1,0,Armor Plate,Buckshot Shell,Holographic,921,80,89
743,Critical3,Night,253,MG,Lewis,100,0,4,0,AP Round,Holographic,Ammo Box,1545,77,90
743,Critical3,Night,264,MG,Chauchat,100,0,1,0,AP Round,Holographic,Ammo Box,1361,68,91
743,Critical3,Night,282,SG,DP-12,100,0,4,0,Armor Plate,Buckshot Shell,Holographic,624,54,92
743,Critical3,Night,164,SG,FP-6,100,0,1,0,Armor Plate,Buckshot Shell,Holographic,483,50,93
743,Critical3,Night,1030,SMG,Jashin-chan,99,1624,0,1,0,Exclusive,HP Round,Holographic,423,47,94
743,Critical3,Night,229,SG,M870,100,0,1,0,Armor Plate,Slug Shell,Holographic,472,41,95
743,Critical3,Night,1034,SG,Minos,50,0,1,0,Armor Plate,Slug Shell,Exclusive,452,39,96
743,Critical3,Night,307,MG,ZB-26,100,0,4,0,AP Round,Holographic,Ammo Box,771,38,97
743,Critical3,Night,109,MG,Gr MG5,100,0,1,0,AP Round,Holographic,Ammo Box,765,38,98
743,Critical3,Night,263,MG,Gr MG36,100,0,1,0,AP Round,Holographic,Ammo Box,636,38,99
743,Critical3,Night,165,SG,M1014,100,0,1,0,Armor Plate,Slug Shell,Holographic,424,37,100
743,Critical3,Night,189,SG,USAS-12,100,0,1,0,Armor Plate,Slug Shell,Holographic,429,37,101
743,Critical3,Night,1022,SG,Dana Zane,100,0,1,0,Exclusive,Slug Shell,Holographic,412,36,102
746,Critical6,Night,20055,AR,M4A1 Mod,200,1,10,10,Optical,HV Round,Exclusive,8492,1061,1
746,Critical6,Night,188,SG,S.A.T.8,100,0,10,0,Armor Plate,Buckshot Shell,Red Dot,8040,1005,2
746,Critical6,Night,20154,SG,M500 Mod,150,1,10,10,Armor Plate,Buckshot Shell,Red Dot,7738,967,3
746,Critical6,Night,20065,AR,416 Mod,200,1,10,10,Optical,HV Round,Exclusive,7405,925,4
746,Critical6,Night,1002,SG,Elphelt,100,0,4,0,Armor Plate,Buckshot Shell,Red Dot,7223,902,5
746,Critical6,Night,162,SG,SPAS-12,100,0,1,0,Armor Plate,Buckshot Shell,Red Dot,7135,891,6
746,Critical6,Night,157,SG,Am KSG,100,0,8,0,Armor Plate,Buckshot Shell,Red Dot,6911,863,7
746,Critical6,Night,20101,SMG,UMP9 Mod,200,1,8,8,Exclusive,HP Round,Exclusive,7179,807,8
746,Critical6,Night,213,SMG,C-MS,100,0,10,0,T-Exo,AP Round,Red Dot,7137,802,9
746,Critical6,Night,54,AR,M16A1,100,0,1,0,HV Round,Armor Plate,Exclusive,6398,799,10
746,Critical6,Night,62,AR,Gr G41,100,0,10,0,Optical,HV Round,Exclusive,6339,792,11
746,Critical6,Night,20057,AR,ST AR-15 Mod,200,1,10,10,Optical,Optical,Exclusive,6316,789,12
746,Critical6,Night,20056,AR,M4 SOPMOD II Mod,200,1,10,10,Optical,Exclusive,HV Round,6291,786,13
746,Critical6,Night,20032,SMG,Micro Uzi Mod,200,1,10,10,T-Exo,HP Round,Exclusive,6871,772,14
746,Critical6,Night,20053,RF,NTW-20 Mod,200,1,10,10,Exclusive,Optical,Camo Cloak,7703,770,15
746,Critical6,Night,20060,AR,AS Val Mod,200,1,10,10,Optical,Exclusive,T-Exo,6030,753,16
746,Critical6,Night,20103,SMG,UMP45 Mod,200,1,10,10,T-Exo,HP Round,Exclusive,6657,748,17
746,Critical6,Night,20037,RF,M14 Mod,200,1,10,10,AP Round,Exclusive,Camo Cloak,7348,734,18
746,Critical6,Night,20136,SMG,PP-19 Mod,150,1,10,10,T-Exo,HP Round,Red Dot,6456,726,19
746,Critical6,Night,20064,AR,Gr G36 Mod,150,1,10,10,Optical,HV Round,T-Exo,5792,724,20
746,Critical6,Night,1027,AR,Angelica,100,0,8,0,Optical,HV Round,Exclusive,5712,714,21
746,Critical6,Night,206,AR,AK-12,100,0,10,0,Optical,HV Round,T-Exo,5708,713,22
746,Critical6,Night,205,AR,AN-94,100,0,10,0,Optical,HV Round,T-Exo,5688,711,23
746,Critical6,Night,20095,RF,Type88 Mod,200,1,10,10,Exclusive,Exclusive,Camo Cloak,7093,709,24
746,Critical6,Night,20252,RF,KSVK Mod,150,1,10,10,AP Round,Optical,Camo Cloak,7096,709,25
746,Critical6,Night,1019,SMG,Dorothy Haze,150,1,10,0,T-Exo,Exclusive,Red Dot,6228,700,26
746,Critical6,Night,20026,SMG,Gr MP5 Mod,150,1,10,10,T-Exo,HP Round,Red Dot,6187,696,27
746,Critical6,Night,50,RF,Lee Enfield,100,0,10,0,AP Round,Exclusive,Camo Cloak,6968,696,28
746,Critical6,Night,115,SMG,Suomi,100,0,10,0,T-Exo,HP Round,Red Dot,6085,684,29
746,Critical6,Night,20051,RF,FF FN49 Mod,200,1,10,10,AP Round,Exclusive,Camo Cloak,6842,684,30
746,Critical6,Night,1024,RF,Rico,100,0,10,0,AP Round,Optical,Exclusive,6842,684,31
746,Critical6,Night,20075,MG,M1918 Mod,150,1,10,10,AP Round,Optical,Exclusive,9095,682,32
746,Critical6,Night,127,SMG,Type79,100,0,1,0,T-Exo,Exclusive,Red Dot,6027,678,33
746,Critical6,Night,20,SMG,Vector,100,0,10,0,T-Exo,HP Round,Red Dot,6000,675,34
746,Critical6,Night,48,RF,WA2000,100,0,10,0,AP Round,Optical,Camo Cloak,6735,673,35
746,Critical6,Night,135,SMG,SR-3MP,100,0,10,0,T-Exo,HP Round,Red Dot,5956,670,36
746,Critical6,Night,20071,AR,Galil Mod,150,1,8,8,Optical,HV Round,T-Exo,5355,669,37
746,Critical6,Night,106,AR,FAL,100,0,10,0,Optical,HV Round,T-Exo,5336,667,38
746,Critical6,Night,73,AR,AUG,100,0,10,0,Optical,HV Round,T-Exo,5321,665,39
746,Critical6,Night,266,RF,R93,100,0,10,0,AP Round,Optical,Camo Cloak,6645,664,40
746,Critical6,Night,245,SMG,P90,100,0,10,0,Exo,HP Round,Red Dot,5908,664,41
746,Critical6,Night,20044,RF,SV-98 Mod,150,1,8,8,AP Round,Optical,Camo Cloak,6610,661,42
746,Critical6,Night,215,AR,MDR,100,0,8,0,Exclusive,HV Round,X-Exo,5252,656,43
746,Critical6,Night,119,AR,OTs-14,100,0,10,0,Optical,HV Round,X-Exo,5237,654,44
746,Critical6,Night,1028,SMG,Agent Vector,100,0,10,0,Exclusive,HP Round,Red Dot,5817,654,45
746,Critical6,Night,20081,MG,LWMMG Mod,150,1,10,10,AP Round,Red Dot,Ammo Box,8660,649,46
746,Critical6,Night,36,RF,Springfield,100,0,8,0,Exclusive,Optical,Camo Cloak,6487,648,47
746,Critical6,Night,20063,AR,Gr G3 Mod,150,1,9,8,Optical,HV Round,X-Exo,5165,645,48
746,Critical6,Night,122,AR,Gr G11,150,1,10,0,Optical,HV Round,X-Exo,5150,643,49
746,Critical6,Night,118,AR,9A-91,150,1,10,0,Optical,HV Round,X-Exo,5142,642,50
746,Critical6,Night,128,RF,M99,100,0,10,0,AP Round,Optical,Camo Cloak,6408,640,51
746,Critical6,Night,143,SMG,RO635,150,1,10,0,X-Exo,HP Round,Red Dot,5655,636,52
746,Critical6,Night,197,RF,Carcano M1891,100,0,8,0,AP Round,Optical,Camo Cloak,6290,629,53
746,Critical6,Night,257,RF,M200,150,1,10,0,AP Round,Optical,Camo Cloak,6294,629,54
746,Critical6,Night,172,AR,Am RFB,100,0,10,0,Exclusive,HV Round,X-Exo,4977,622,55
746,Critical6,Night,306,AR,AK-Alfa,100,0,8,0,Optical,HV Round,X-Exo,4981,622,56
746,Critical6,Night,16,SMG,Thompson,100,0,8,0,X-Exo,HP Round,Red Dot,5475,615,57
746,Critical6,Night,234,SMG,JS 9,100,0,10,0,X-Exo,HP Round,Red Dot,5468,615,58
746,Critical6,Night,296,RF,Gr SL8,100,0,8,0,AP Round,Optical,Camo Cloak,6150,615,59
746,Critical6,Night,194,AR,K2,100,0,8,0,Optical,HV Round,X-Exo,4915,614,60
746,Critical6,Night,276,MG,Kord,100,0,10,0,AP Round,Red Dot,Ammo Box,8191,614,61
746,Critical6,Night,311,SMG,Lusa,100,0,8,0,X-Exo,HP Round,Red Dot,5440,612,62
746,Critical6,Night,46,RF,Kar98k,100,0,8,0,AP Round,Exclusive,Camo Cloak,6104,610,63
746,Critical6,Night,1020,RF,Stella Hoshii,100,0,10,0,AP Round,Optical,Exclusive,6071,607,64
746,Critical6,Night,1029,AR,Agent 416,100,0,8,0,Optical,HV Round,X-Exo,4856,607,65
746,Critical6,Night,27,SMG,Skorpion,100,0,10,0,X-Exo,Exclusive,Red Dot,5364,603,66
746,Critical6,Night,198,RF,Carcano M91/38,100,0,10,0,AP Round,Optical,Camo Cloak,6038,603,67
746,Critical6,Night,173,MG,PKP,100,0,10,0,AP Round,Red Dot,Ammo Box,8032,602,68
746,Critical6,Night,77,MG,M2HB,100,0,10,0,AP Round,Red Dot,Ammo Box,8006,600,69
746,Critical6,Night,104,SMG,Gr G36c,100,0,10,0,X-Exo,HP Round,Red Dot,5301,596,70
746,Critical6,Night,153,SG,M37,100,0,1,0,Armor Plate,Buckshot Shell,Red Dot,4681,585,71
746,Critical6,Night,112,MG,Negev,100,0,8,0,AP Round,Optical,Ammo Box,7735,580,72
746,Critical6,Night,238,MG,QJY-88,100,0,8,0,AP Round,Optical,Ammo Box,7650,573,73
746,Critical6,Night,105,AR,OTs-12,100,0,8,0,Optical,Exclusive,X-Exo,4487,560,74
746,Critical6,Night,275,MG,M1895 CB,100,0,10,0,AP Round,Holographic,Ammo Box,7417,556,75
746,Critical6,Night,80,MG,M1919A4,100,0,1,0,AP Round,Holographic,Ammo Box,4695,422,76
746,Critical6,Night,1025,SG,Triela,100,0,4,0,Armor Plate,Exclusive,Holographic,2836,354,77
746,Critical6,Night,1018,HG,Sei Asagiri,100,0,10,0,Silencer,HP Round,Exclusive,3701,323,78
746,Critical6,Night,1017,HG,Jill Stingray,100,0,10,0,Silencer,HP Round,Exclusive,3576,312,79
746,Critical6,Night,161,SG,Type97S,100,0,1,0,Armor Plate,Buckshot Shell,Holographic,2106,263,80
746,Critical6,Night,155,SG,M590,100,0,1,0,Armor Plate,Buckshot Shell,Holographic,1919,239,81
746,Critical6,Night,110,MG,FG42,100,0,1,0,AP Round,Exclusive,Ammo Box,3162,237,82
746,Critical6,Night,199,MG,Type80,150,1,1,0,AP Round,Holographic,Ammo Box,2768,207,83
746,Critical6,Night,86,MG,MG42,100,0,1,0,AP Round,Holographic,Ammo Box,2598,194,84
746,Critical6,Night,158,SG,KS-23,100,0,1,0,Armor Plate,Exclusive,Holographic,1244,155,85
746,Critical6,Night,163,SG,AA-12,100,0,1,0,Armor Plate,Exclusive,Holographic,1161,145,86
746,Critical6,Night,125,MG,Gr MG4,100,0,1,0,AP Round,Exclusive,Ammo Box,1884,141,87
746,Critical6,Night,278,SG,Six12,100,0,1,0,Armor Plate,Buckshot Shell,Holographic,939,140,88
746,Critical6,Night,253,MG,Lewis,100,0,4,0,AP Round,Holographic,Ammo Box,1545,115,89
746,Critical6,Night,325,SG,PM5,100,0,1,0,Armor Plate,Buckshot Shell,Holographic,921,115,90
746,Critical6,Night,264,MG,Chauchat,100,0,1,0,AP Round,Holographic,Ammo Box,1361,102,91
746,Critical6,Night,282,SG,DP-12,100,0,4,0,Armor Plate,Buckshot Shell,Holographic,624,78,92
746,Critical6,Night,1034,SG,Minos,50,0,1,0,Armor Plate,Buckshot Shell,Exclusive,503,62,93
746,Critical6,Night,229,SG,M870,100,0,1,0,Armor Plate,Slug Shell,Holographic,472,59,94
746,Critical6,Night,164,SG,FP-6,100,0,1,0,Armor Plate,Slug Shell,Holographic,468,58,95
746,Critical6,Night,299,SG,HSM10,100,0,1,0,Armor Plate,Slug Shell,Holographic,388,58,96
746,Critical6,Night,307,MG,ZB-26,100,0,4,0,AP Round,Holographic,Ammo Box,771,57,97
746,Critical6,Night,109,MG,Gr MG5,100,0,1,0,AP Round,Holographic,Ammo Box,765,57,98
746,Critical6,Night,84,MG,RPD,100,0,1,0,AP Round,Holographic,Exclusive,606,54,99
746,Critical6,Night,165,SG,M1014,100,0,1,0,Armor Plate,Slug Shell,Holographic,424,53,100
746,Critical6,Night,1022,SG,Dana Zane,100,0,1,0,Exclusive,Slug Shell,Holographic,412,51,101
746,Critical6,Night,1030,SMG,Jashin-chan,99,1624,0,1,0,Exclusive,HP Round,Holographic,423,47,102
748,Critical8,Day,20055,AR,M4A1 Mod,200,1,10,10,Night Equip,HV Round,Exclusive,7607,2091,1
748,Critical8,Day,20065,AR,416 Mod,200,1,10,10,Night Equip,HV Round,Exclusive,6492,1785,2
748,Critical8,Day,20057,AR,ST AR-15 Mod,200,1,10,10,Optical,Night Equip,Exclusive,5719,1572,3
748,Critical8,Day,20056,AR,M4 SOPMOD II Mod,200,1,10,10,Optical,Night Equip,HV Round,5698,1566,4
748,Critical8,Day,62,AR,Gr G41,100,0,10,0,Night Equip,HV Round,Exclusive,5648,1553,5
748,Critical8,Day,20060,AR,AS Val Mod,200,1,10,10,Night Equip,Exclusive,T-Exo,5560,1529,6
748,Critical8,Day,20103,SMG,UMP45 Mod,200,1,10,10,Exclusive,HP Round,Night Equip,6260,1486,7
748,Critical8,Day,20064,AR,Gr G36 Mod,150,1,10,10,Night Equip,HV Round,T-Exo,5315,1461,8
748,Critical8,Day,213,SMG,C-MS,100,0,10,0,T-Exo,AP Round,Night Equip,6141,1458,9
748,Critical8,Day,20101,SMG,UMP9 Mod,200,1,8,8,T-Exo,HP Round,Night Equip,6061,1439,10
748,Critical8,Day,54,AR,M16A1,100,0,1,0,HV Round,Armor Plate,Exclusive,5203,1430,11
748,Critical8,Day,206,AR,AK-12,100,0,10,0,Night Equip,HV Round,T-Exo,5167,1420,12
748,Critical8,Day,20136,SMG,PP-19 Mod,150,1,10,10,T-Exo,HP Round,Night Equip,5972,1418,13
748,Critical8,Day,205,AR,AN-94,100,0,10,0,Night Equip,HV Round,T-Exo,5158,1418,14
748,Critical8,Day,1027,AR,Angelica,100,0,8,0,Night Equip,HV Round,Exclusive,5125,1409,15
748,Critical8,Day,20032,SMG,Micro Uzi Mod,200,1,10,10,T-Exo,HP Round,Night Equip,5883,1397,16
748,Critical8,Day,1019,SMG,Dorothy Haze,150,1,10,0,T-Exo,Exclusive,Night Equip,5749,1365,17
748,Critical8,Day,20071,AR,Galil Mod,150,1,8,8,Night Equip,HV Round,T-Exo,4922,1353,18
748,Critical8,Day,171,AR,Ribeyrolles,100,0,10,0,Night Equip,HV Round,T-Exo,4093,1350,19
748,Critical8,Day,106,AR,FAL,100,0,10,0,Night Equip,HV Round,T-Exo,4881,1342,20
748,Critical8,Day,20026,SMG,Gr MP5 Mod,150,1,10,10,T-Exo,HP Round,Night Equip,5651,1342,21
748,Critical8,Day,73,AR,AUG,100,0,10,0,Night Equip,HV Round,T-Exo,4861,1336,22
748,Critical8,Day,115,SMG,Suomi,100,0,10,0,T-Exo,HP Round,Night Equip,5590,1327,23
748,Critical8,Day,119,AR,OTs-14,100,0,10,0,Night Equip,HV Round,T-Exo,4803,1320,24
748,Critical8,Day,20063,AR,Gr G3 Mod,150,1,9,8,Night Equip,HV Round,T-Exo,4761,1309,25
748,Critical8,Day,118,AR,9A-91,150,1,10,0,Night Equip,HV Round,Exo,4738,1302,26
748,Critical8,Day,1028,SMG,Agent Vector,100,0,10,0,Exclusive,HP Round,Silencer,4797,1139,27
748,Critical8,Day,245,SMG,P90,100,0,10,0,X-Exo,HP Round,Silencer,4641,1102,28
748,Critical8,Day,135,SMG,SR-3MP,100,0,10,0,X-Exo,HP Round,Silencer,4628,1099,29
748,Critical8,Day,16,SMG,Thompson,100,0,8,0,X-Exo,HP Round,Silencer,4608,1094,30
748,Critical8,Day,143,SMG,RO635,150,1,10,0,X-Exo,HP Round,Silencer,4587,1089,31
748,Critical8,Day,20,SMG,Vector,100,0,10,0,X-Exo,HP Round,Silencer,4560,1083,32
748,Critical8,Day,234,SMG,JS 9,100,0,10,0,X-Exo,HP Round,Silencer,4519,1073,33
748,Critical8,Day,127,SMG,Type79,100,0,1,0,X-Exo,Exclusive,Silencer,4443,1055,34
748,Critical8,Day,311,SMG,Lusa,100,0,8,0,X-Exo,HP Round,Silencer,4442,1054,35
748,Critical8,Day,104,SMG,Gr G36c,100,0,10,0,X-Exo,HP Round,Silencer,4372,1038,36
748,Critical8,Day,27,SMG,Skorpion,100,0,10,0,X-Exo,Exclusive,Silencer,4259,1011,37
748,Critical8,Day,286,SMG,K-PDW,100,0,1,0,X-Exo,HP Round,Silencer,3814,905,38
748,Critical8,Day,20097,HG,M950A Mod,200,1,10,10,Exclusive,HP Round,X-Exo,3381,887,39
748,Critical8,Day,122,AR,Gr G11,150,1,10,0,Red Dot,HV Round,X-Exo,3172,872,40
748,Critical8,Day,306,AR,AK-Alfa,100,0,8,0,Red Dot,HV Round,X-Exo,3127,859,41
748,Critical8,Day,188,SG,S.A.T.8,100,0,10,0,Armor Plate,Buckshot Shell,Red Dot,6837,854,42
748,Critical8,Day,194,AR,K2,100,0,8,0,Red Dot,HV Round,X-Exo,3106,854,43
748,Critical8,Day,215,AR,MDR,100,0,8,0,Exclusive,HV Round,X-Exo,3099,852,44
748,Critical8,Day,1029,AR,Agent 416,100,0,8,0,Red Dot,HV Round,Exclusive,3078,846,45
748,Critical8,Day,20154,SG,M500 Mod,150,1,10,10,Armor Plate,Buckshot Shell,Red Dot,6506,813,46
748,Critical8,Day,1018,HG,Sei Asagiri,100,0,10,0,Silencer,HP Round,Exclusive,2903,762,47
748,Critical8,Day,1017,HG,Jill Stingray,100,0,10,0,Exclusive,Exclusive,Exclusive,2897,760,48
748,Critical8,Day,1002,SG,Elphelt,100,0,4,0,Armor Plate,Buckshot Shell,Red Dot,5992,749,49
748,Critical8,Day,162,SG,SPAS-12,100,0,1,0,Armor Plate,Buckshot Shell,Red Dot,5875,734,50
748,Critical8,Day,157,SG,Am KSG,100,0,8,0,Armor Plate,Buckshot Shell,Red Dot,5804,725,51
748,Critical8,Day,153,SG,M37,100,0,1,0,Armor Plate,Buckshot Shell,Red Dot,3879,484,52
748,Critical8,Day,20075,MG,M1918 Mod,150,1,10,10,AP Round,Red Dot,Exclusive,4584,343,53
748,Critical8,Day,20081,MG,LWMMG Mod,150,1,10,10,AP Round,Red Dot,Ammo Box,4246,318,54
748,Critical8,Day,20053,RF,NTW-20 Mod,200,1,10,10,Exclusive,Optical,Camo Cloak,4022,301,55
748,Critical8,Day,112,MG,Negev,100,0,8,0,AP Round,Red Dot,Ammo Box,3940,295,56
748,Critical8,Day,276,MG,Kord,100,0,10,0,AP Round,Red Dot,Ammo Box,3880,291,57
748,Critical8,Day,173,MG,PKP,100,0,10,0,AP Round,Red Dot,Ammo Box,3877,290,58
748,Critical8,Day,1025,SG,Triela,100,0,4,0,Armor Plate,Exclusive,Red Dot,2325,290,59
748,Critical8,Day,238,MG,QJY-88,100,0,8,0,AP Round,Red Dot,Ammo Box,3837,287,60
748,Critical8,Day,20037,RF,M14 Mod,200,1,10,10,AP Round,Exclusive,Camo Cloak,3749,281,61
748,Critical8,Day,77,MG,M2HB,100,0,10,0,AP Round,Red Dot,Ammo Box,3740,280,62
748,Critical8,Day,20252,RF,KSVK Mod,150,1,10,10,AP Round,Optical,Camo Cloak,3745,280,63
748,Critical8,Day,275,MG,M1895 CB,100,0,10,0,AP Round,Red Dot,Ammo Box,3741,280,64
748,Critical8,Day,20095,RF,Type88 Mod,200,1,10,10,Exclusive,Exclusive,Camo Cloak,3716,278,65
748,Critical8,Day,20051,RF,FF FN49 Mod,200,1,10,10,AP Round,Exclusive,Camo Cloak,3445,258,66
748,Critical8,Day,50,RF,Lee Enfield,100,0,10,0,AP Round,Exclusive,Camo Cloak,3407,255,67
748,Critical8,Day,266,RF,R93,100,0,10,0,AP Round,Optical,Camo Cloak,3405,255,68
748,Critical8,Day,20044,RF,SV-98 Mod,150,1,8,8,AP Round,Optical,Camo Cloak,3361,252,69
748,Critical8,Day,48,RF,WA2000,100,0,10,0,AP Round,Optical,Camo Cloak,3358,251,70
748,Critical8,Day,1024,RF,Rico,100,0,10,0,AP Round,Optical,Exclusive,3305,247,71
748,Critical8,Day,257,RF,M200,150,1,10,0,AP Round,Optical,Camo Cloak,3284,246,72
748,Critical8,Day,128,RF,M99,100,0,10,0,AP Round,Optical,Camo Cloak,3251,243,73
748,Critical8,Day,197,RF,Carcano M1891,100,0,8,0,AP Round,Optical,Camo Cloak,3237,242,74
748,Critical8,Day,1020,RF,Stella Hoshii,100,0,10,0,AP Round,Optical,Exclusive,3098,232,75
748,Critical8,Day,198,RF,Carcano M91/38,100,0,10,0,AP Round,Optical,Camo Cloak,3084,231,76
748,Critical8,Day,36,RF,Springfield,100,0,8,0,Exclusive,Optical,Camo Cloak,3023,226,77
748,Critical8,Day,46,RF,Kar98k,100,0,8,0,AP Round,Exclusive,Camo Cloak,2988,224,78
748,Critical8,Day,296,RF,Gr SL8,100,0,8,0,AP Round,Optical,Camo Cloak,2994,224,79
748,Critical8,Day,161,SG,Type97S,100,0,1,0,Armor Plate,Buckshot Shell,Red Dot,1766,220,80
748,Critical8,Day,155,SG,M590,100,0,1,0,Armor Plate,Buckshot Shell,Red Dot,1570,196,81
748,Critical8,Day,80,MG,M1919A4,100,0,1,0,AP Round,Red Dot,Ammo Box,2259,169,82
748,Critical8,Day,158,SG,KS-23,100,0,1,0,Armor Plate,Exclusive,Red Dot,1015,126,83
748,Critical8,Day,163,SG,AA-12,100,0,1,0,Armor Plate,Exclusive,Red Dot,859,107,84
748,Critical8,Day,110,MG,FG42,100,0,1,0,AP Round,Exclusive,Ammo Box,1314,98,85
748,Critical8,Day,199,MG,Type80,150,1,1,0,AP Round,Red Dot,Ammo Box,1283,96,86
748,Critical8,Day,278,SG,Six12,100,0,1,0,Armor Plate,Buckshot Shell,Red Dot,750,93,87
748,Critical8,Day,325,SG,PM5,100,0,1,0,Armor Plate,Slug Shell,Holographic,726,90,88
748,Critical8,Day,1030,SMG,Jashin-chan,99,1624,0,1,0,Exclusive,HP Round,Silencer,355,84,89
748,Critical8,Day,86,MG,MG42,100,0,1,0,AP Round,Holographic,Ammo Box,1049,78,90
748,Critical8,Day,282,SG,DP-12,100,0,4,0,Armor Plate,Buckshot Shell,Holographic,497,62,91
748,Critical8,Day,125,MG,Gr MG4,100,0,1,0,AP Round,Exclusive,Ammo Box,792,59,92
748,Critical8,Day,253,MG,Lewis,100,0,4,0,AP Round,Holographic,Ammo Box,676,50,93
748,Critical8,Day,1034,SG,Minos,50,0,1,0,Armor Plate,Buckshot Shell,Exclusive,401,50,94
748,Critical8,Day,229,SG,M870,100,0,1,0,Armor Plate,Slug Shell,Holographic,393,49,95
748,Critical8,Day,164,SG,FP-6,100,0,1,0,Armor Plate,Buckshot Shell,Holographic,385,48,96
748,Critical8,Day,264,MG,Chauchat,100,0,1,0,AP Round,Holographic,Ammo Box,589,44,97
748,Critical8,Day,1022,SG,Dana Zane,100,0,1,0,Armor Plate,Slug Shell,Holographic,344,43,98
748,Critical8,Day,151,SG,M1887,100,0,1,0,Armor Plate,Slug Shell,Optical,345,43,99
748,Critical8,Day,307,MG,ZB-26,100,0,4,0,AP Round,Holographic,Ammo Box,340,25,100
748,Critical8,Day,109,MG,Gr MG5,100,0,1,0,AP Round,Holographic,Ammo Box,325,24,101
748,Critical8,Day,1021,MG,Alma Armas,100,0,4,0,AP Round,Holographic,Exclusive,307,23,102
